{
  "$schema": "https://go.kicad.org/pcm/schemas/v1",
  "name": "Freerouting",
  "description": "Freerouting KiCad integration",
  "description_full": "This is the official KiCad integration for Freerouting, an advanced autorouter.\n",
  "identifier": "app.freerouting.kicad-plugin",
  "type": "plugin",
  "author": {
    "name": "Andras Fuchs",
    "contact": {
      "email": "info@freerouting.app",
      "web": "https://www.freerouting.app/"
    }
  },
  "maintainer": {
    "name": "Andras Fuchs",
    "contact": {
      "email": "info@freerouting.app"
    }
  },
  "license": "CC-BY-SA-4.0",
  "resources": {
    "Github": "https://github.com/freerouting/freerouting/tree/master/integrations/KiCad"
  },
  "versions": [
    {
      "version": "1.6.2",
      "status": "stable",
      "kicad_version": "6.0",
	  "download_sha256": "a2e72f801028f1400515c149a2e641965ba2904fb404e8d71d8a44b14d257df9",
      "download_size": 4097708,
      "download_url": "https://github.com/freerouting/freerouting/tree/master/integrations/KiCad/kicad-freerouting-1.6.2.zip",
      "install_size": 4528449
    }
  ]
}