relative_path,board,tier,run_at,optimizer_cpu_seconds,optimizer_passes,score_before,score_after,delta,dL_before,dV_before,dB_before,dL_after,dV_after,dB_after,D,incomplete_after,drc_after,Lmin,Vmin,Bmin
PCBench/4_digit_hex_display_4_digit_display/unrouted.dsn,4_digit_hex_display_4_digit_display,C,2026-09-09T06:45:13.469229+00:00,12.14,1,132.12,132.12,0.0,143.15,234.04,490.69,143.15,234.04,490.69,376.0,3.0,0.0,1401.79,14,75
PCBench/BirthdayCakeKeyboard_10Key/unrouted.dsn,BirthdayCakeKeyboard_10Key,B,2026-09-08T21:27:12.432703+00:00,201.67,1,151.47,151.47,0.0,8.2,248.18,592.15,8.2,248.18,592.15,548.0,0.0,0.0,3862.58,4,140
PCBench/abus-cfa1000-display-grabber_acs-display-grabber/unrouted.dsn,abus-cfa1000-display-grabber_acs-display-grabber,B,2026-09-09T05:39:53.994266+00:00,449.59,1,207.11,207.11,0.0,42.89,462.81,287.19,42.89,462.81,287.19,484.0,0.0,0.0,3234.33,0,111
PCBench/blackmagic-isolated_mmp/unrouted.dsn,blackmagic-isolated_mmp,B,2026-09-08T21:28:58.352882+00:00,311.2,1,197.84,261.05,63.21,311.66,259.49,231.01,284.83,240.51,213.61,316.0,0.0,7.0,514.51,6,77
PCBench/ESP32-Module-Breakout_ESP32S-breakout/unrouted.dsn,ESP32-Module-Breakout_ESP32S-breakout,A,2026-09-09T06:22:57.618727+00:00,61.61,2,294.12,373.53,79.41,0.0,317.65,388.24,0.0,270.59,355.88,170.0,0.0,0.0,765.21,0,44
PCBench/bldc-gimbal-1d_gimbal-board/unrouted.dsn,bldc-gimbal-1d_gimbal-board,B,2026-09-08T21:28:51.688794+00:00,236.34,2,377.57,377.57,0.0,155.37,217.05,250.0,155.37,217.05,250.0,258.0,0.0,0.0,773.31,5,62
PCBench/spisolator_spisolator/unrouted.dsn,spisolator_spisolator,A,2026-09-09T06:31:59.925288+00:00,23.88,2,382.07,382.07,0.0,163.38,250.0,204.55,163.38,250.0,204.55,88.0,0.0,0.0,210.12,0,22
PCBench/kitspace_esp8266-12-breakout/unrouted.dsn,kitspace_esp8266-12-breakout,A,2026-09-09T06:26:33.247949+00:00,17.19,1,368.29,397.87,29.58,71.23,290.32,270.16,69.87,258.06,274.19,124.0,0.0,0.0,583.35,0,39
PCBench/655_testboard/unrouted.dsn,655_testboard,B,2026-09-09T05:31:01.120984+00:00,128.39,2,404.29,404.29,0.0,71.9,238.1,285.71,71.9,238.1,285.71,210.0,0.0,0.0,934.87,2,52
PCBench/beryl_rain_beryl_rain/unrouted.dsn,beryl_rain_beryl_rain,A,2026-09-09T06:20:09.934212+00:00,48.23,2,438.87,438.87,0.0,45.75,292.31,223.08,45.75,292.31,223.08,130.0,0.0,0.0,461.47,0,33
PCBench/kitspace_push-on-hold-off/unrouted.dsn,kitspace_push-on-hold-off,A,2026-09-09T06:27:06.844779+00:00,16.13,1,306.06,442.51,136.45,279.05,191.49,223.4,254.3,148.94,154.26,94.0,0.0,0.0,172.55,2,32
PCBench/breakout-boards_swd-and-uart/unrouted.dsn,breakout-boards_swd-and-uart,A,2026-09-09T06:20:36.794627+00:00,0.91,1,384.74,443.66,58.93,234.83,86.96,293.48,197.64,86.96,271.74,46.0,0.0,0.0,100.84,0,3
PCBench/z2amiller_sensorboard/unrouted.dsn,z2amiller_sensorboard,A,2026-09-09T06:33:13.562751+00:00,53.98,1,413.63,444.32,30.7,169.71,269.23,147.44,164.65,243.59,147.44,156.0,0.0,0.0,364.04,0,49
PCBench/Amiga-A1012-PCB_Amiga-A1012/unrouted.dsn,Amiga-A1012-PCB_Amiga-A1012,B,2026-09-09T05:42:18.308112+00:00,216.78,1,424.33,450.02,25.69,75.67,319.73,180.27,61.88,306.12,181.97,294.0,0.0,0.0,1622.31,0,56
PCBench/badge2015_badge2015/unrouted.dsn,badge2015_badge2015,B,2026-09-09T06:06:09.365861+00:00,31.67,1,451.32,451.32,0.0,0.0,242.11,306.58,0.0,242.11,306.58,380.0,4.0,0.0,1894.69,0,96
PCBench/C-BISCUIT_crowbar/unrouted.dsn,C-BISCUIT_crowbar,A,2026-09-09T06:20:57.825376+00:00,2.55,1,336.5,462.63,126.13,330.16,166.67,166.67,276.95,125.0,135.42,48.0,0.0,0.0,109.37,1,15
PCBench/DA_Lamp_attiny44a_servo_i2c/unrouted.dsn,DA_Lamp_attiny44a_servo_i2c,A,2026-09-09T06:21:33.997212+00:00,11.28,2,466.07,466.07,0.0,124.21,250.0,159.72,124.21,250.0,159.72,72.0,0.0,0.0,164.16,0,15
PCBench/anima_MotorDrive/unrouted.dsn,anima_MotorDrive,B,2026-09-09T05:47:01.337134+00:00,264.88,1,459.55,469.61,10.06,157.6,144.93,237.92,157.2,135.27,237.92,414.0,0.0,0.0,1417.1,0,93
PCBench/android_debug_cable_android_debug_cable/unrouted.dsn,android_debug_cable_android_debug_cable,B,2026-09-09T05:43:45.569296+00:00,23.83,1,449.61,481.65,32.04,217.05,233.33,100.0,205.85,216.67,95.83,120.0,0.0,8.0,152.59,0,27
PCBench/avr_ledprojector_avr_ledprojection-0402/unrouted.dsn,avr_ledprojector_avr_ledprojection-0402,B,2026-09-09T06:05:53.719623+00:00,69.83,1,484.51,484.51,0.0,217.83,170.57,127.09,217.83,170.57,127.09,598.0,3.0,2.0,678.89,11,112
PCBench/bee-light-measurement-matrix_bee-light-measurement-matrix/unrouted.dsn,bee-light-measurement-matrix_bee-light-measurement-matrix,B,2026-09-09T06:09:49.897667+00:00,9.41,1,511.06,511.06,0.0,0.0,75.22,413.72,0.0,75.22,413.72,452.0,1.0,0.0,2322.83,0,96
PCBench/basic_esp_board_basic_esp_board/unrouted.dsn,basic_esp_board_basic_esp_board,B,2026-09-09T06:06:37.987259+00:00,59.78,1,512.2,522.36,10.16,0.0,235.77,252.03,0.0,227.64,250.0,246.0,0.0,0.0,1278.03,0,69
PCBench/RoBoC_CameraAdaptor/unrouted.dsn,RoBoC_CameraAdaptor,A,2026-09-09T06:29:58.709133+00:00,12.45,2,480.77,528.85,48.08,0.0,96.15,423.08,0.0,57.69,413.46,104.0,0.0,0.0,772.39,0,25
PCBench/Camera-Modules_LG-G2-G3-13M-Breakout/unrouted.dsn,Camera-Modules_LG-G2-G3-13M-Breakout,A,2026-09-09T06:21:26.494945+00:00,21.98,1,460.65,530.6,69.96,71.1,174.6,293.65,9.08,158.73,301.59,126.0,0.0,0.0,794.25,0,28
PCBench/sb-serial-usb_ch340/unrouted.dsn,sb-serial-usb_ch340,A,2026-09-09T06:31:18.086797+00:00,34.0,1,519.45,535.54,16.09,92.73,205.13,182.69,99.08,179.49,185.9,156.0,0.0,0.0,445.81,0,49
PCBench/MAVRIC_Hardware_ArduinoPracticeBoard/unrouted.dsn,MAVRIC_Hardware_ArduinoPracticeBoard,A,2026-09-09T06:27:54.338771+00:00,26.91,1,518.52,537.04,18.52,0.0,222.22,259.26,0.0,209.88,253.09,162.0,0.0,0.0,735.21,0,46
PCBench/APM-RPi-Shield_APM-RPi-Shield/unrouted.dsn,APM-RPi-Shield_APM-RPi-Shield,B,2026-09-09T05:50:40.162155+00:00,17.58,1,537.37,537.37,0.0,83.14,128.21,251.28,83.14,128.21,251.28,390.0,4.0,4.0,1241.81,0,82
PCBench/BB-PWR-3608_BB-PWR-3608_revA/unrouted.dsn,BB-PWR-3608_BB-PWR-3608_revA,B,2026-09-09T06:06:22.301011+00:00,4.95,1,498.52,540.47,41.95,361.78,58.82,80.88,341.89,58.82,58.82,68.0,0.0,17.0,69.38,1,22
PCBench/fuzzer_fuzzer/unrouted.dsn,fuzzer_fuzzer,A,2026-09-09T06:24:13.664613+00:00,13.64,1,543.67,543.67,0.0,82.5,177.57,196.26,82.5,177.57,196.26,214.0,0.0,0.0,506.69,0,48
PCBench/sms-cart-32k_cart/unrouted.dsn,sms-cart-32k_cart,A,2026-09-09T06:31:56.347318+00:00,6.31,1,523.81,547.62,23.81,0.0,214.29,261.9,0.0,202.38,250.0,168.0,0.0,0.0,1016.43,0,32
PCBench/apa102lantern_apa102-lantern-side/unrouted.dsn,apa102lantern_apa102-lantern-side,A,2026-09-09T06:19:33.127632+00:00,8.61,1,517.02,551.14,34.13,71.69,290.32,120.97,69.83,258.06,120.97,124.0,0.0,0.0,530.17,0,12
PCBench/esp8266_link_test_esp12e-generics/unrouted.dsn,esp8266_link_test_esp12e-generics,A,2026-09-09T06:22:57.621735+00:00,6.03,1,514.4,554.64,40.24,193.94,187.5,104.17,184.95,145.83,114.58,96.0,0.0,0.0,171.24,0,23
PCBench/audprog_audprog_v2/unrouted.dsn,audprog_audprog_v2,B,2026-09-09T05:56:38.589906+00:00,65.77,1,537.67,555.09,17.42,66.49,189.39,206.44,62.33,181.82,200.76,264.0,0.0,0.0,702.18,0,73
PCBench/kika-in-space_analog-test-board/unrouted.dsn,kika-in-space_analog-test-board,A,2026-09-09T06:25:17.178463+00:00,8.13,1,531.04,556.48,25.44,195.7,139.53,133.72,193.52,116.28,133.72,86.0,0.0,0.0,133.01,0,26
PCBench/balena-rover-wide-hat_resin-rover/unrouted.dsn,balena-rover-wide-hat_resin-rover,B,2026-09-09T06:09:15.469299+00:00,367.48,1,556.56,556.56,0.0,103.47,152.87,187.1,103.47,152.87,187.1,628.0,0.0,6.0,1813.12,5,186
PCBench/AzizLight_AzizLight/unrouted.dsn,AzizLight_AzizLight,B,2026-09-09T06:03:53.956035+00:00,174.75,1,536.13,559.64,23.52,95.55,267.18,101.15,85.39,251.91,103.05,262.0,0.0,0.0,660.58,0,96
PCBench/Blink-Eras_Blink Eras/unrouted.dsn,Blink-Eras_Blink Eras,B,2026-09-08T21:28:14.892496+00:00,18.94,1,540.12,564.79,24.68,73.92,263.16,122.81,79.94,228.07,127.19,114.0,0.0,6.0,209.15,0,26
PCBench/breakout-boards_esp8266-jtag/unrouted.dsn,breakout-boards_esp8266-jtag,A,2026-09-09T06:21:31.068070+00:00,65.36,2,554.46,567.15,12.69,84.43,152.78,208.33,106.46,125.0,201.39,144.0,0.0,0.0,376.75,0,41
PCBench/hardware-designs_cc430-debug-board/unrouted.dsn,hardware-designs_cc430-debug-board,A,2026-09-09T06:24:16.917309+00:00,38.25,2,554.89,567.34,12.46,5.79,145.63,293.69,10.33,126.21,296.12,206.0,0.0,0.0,970.42,0,46
PCBench/16x12-bits-I2C_I2C_Servo/unrouted.dsn,16x12-bits-I2C_I2C_Servo,B,2026-09-09T05:30:15.068636+00:00,103.41,1,554.01,567.9,13.89,0.0,283.95,162.04,0.0,271.6,160.49,324.0,0.0,0.0,1064.56,0,58
PCBench/RASPMINI_RASPmini/unrouted.dsn,RASPMINI_RASPmini,A,2026-09-09T06:30:20.999174+00:00,35.03,2,554.35,567.93,13.59,0.0,86.96,358.7,0.0,76.09,355.98,184.0,0.0,0.0,1216.91,0,33
PCBench/4-port-usb-hub_4port-usb-hub/unrouted.dsn,4-port-usb-hub_4port-usb-hub,B,2026-09-09T05:30:57.401016+00:00,157.41,1,560.86,574.05,13.18,98.08,145.7,195.36,91.52,139.07,195.36,302.0,0.0,0.0,1082.32,2,83
PCBench/kicad-projects_BatCharge/unrouted.dsn,kicad-projects_BatCharge,A,2026-09-09T06:24:59.507545+00:00,9.22,2,577.29,577.29,0.0,51.5,181.82,189.39,51.5,181.82,189.39,66.0,0.0,0.0,119.04,0,16
PCBench/autohat-board_usd-adapter/unrouted.dsn,autohat-board_usd-adapter,B,2026-09-09T05:55:58.895440+00:00,0.13,1,578.12,578.12,0.0,0.0,250.0,171.88,0.0,250.0,171.88,32.0,2.0,0.0,268.88,0,8
PCBench/ottawa-badges-2016_ottawa-badge-tagger-2016/unrouted.dsn,ottawa-badges-2016_ottawa-badge-tagger-2016,A,2026-09-09T06:28:43.325253+00:00,14.38,2,524.39,578.67,54.28,0.0,317.07,158.54,6.7,243.9,170.73,82.0,0.0,0.0,291.17,0,24
PCBench/espeverywhere__autosave-espeverywhere_breakout/unrouted.dsn,espeverywhere__autosave-espeverywhere_breakout,A,2026-09-09T06:22:55.741532+00:00,0.64,1,527.78,583.33,55.56,0.0,388.89,83.33,0.0,333.33,83.33,36.0,0.0,0.0,151.94,0,8
PCBench/filament_extruder_sensor/unrouted.dsn,filament_extruder_sensor,A,2026-09-09T06:23:07.906866+00:00,3.48,1,590.37,584.73,-5.65,41.57,83.33,284.72,75.0,55.56,284.72,72.0,0.0,0.0,352.42,0,14
PCBench/Blink-Eras_AVR_ISP_Pogo/unrouted.dsn,Blink-Eras_AVR_ISP_Pogo,A,2026-09-09T06:19:53.689393+00:00,0.23,1,585.03,585.03,0.0,60.8,0.0,354.17,60.8,0.0,354.17,24.0,0.0,0.0,91.44,0,0
PCBench/Biscay_Blueeye_mcu/unrouted.dsn,Biscay_Blueeye_mcu,A,2026-09-09T06:20:54.421656+00:00,23.88,1,568.18,586.49,18.31,31.82,70.0,330.0,31.01,60.0,322.5,200.0,0.0,0.0,1133.67,0,40
PCBench/8088_sbc2_pcb_8088_sbc2/unrouted.dsn,8088_sbc2_pcb_8088_sbc2,C,2026-09-09T06:46:22.301787+00:00,24.84,1,588.74,588.74,0.0,0.0,123.73,287.53,0.0,123.73,287.53,986.0,1.0,2.0,9264.21,0,178
PCBench/WordClock_v2.0_WordClock_v2/unrouted.dsn,WordClock_v2.0_WordClock_v2,A,2026-09-09T06:32:53.128827+00:00,31.14,1,562.61,591.83,29.22,48.8,326.09,62.5,44.04,304.35,59.78,184.0,0.0,0.0,520.69,0,40
PCBench/Biscay_Blueeye_sipm/unrouted.dsn,Biscay_Blueeye_sipm,C,2026-09-08T21:30:59.870603+00:00,63.16,1,592.93,592.93,0.0,93.15,126.58,187.34,93.15,126.58,187.34,790.0,4.0,0.0,1840.53,20,231
PCBench/6volt-5W-solar-cc_6vleadacidsolar/unrouted.dsn,6volt-5W-solar-cc_6vleadacidsolar,B,2026-09-09T05:34:23.836307+00:00,639.84,2,595.79,595.79,0.0,165.8,125.83,112.58,165.8,125.83,112.58,302.0,0.0,0.0,814.66,0,107
PCBench/1Bitsy_1bitsy/unrouted.dsn,1Bitsy_1bitsy,B,2026-09-09T06:44:49.618560+00:00,45.3,1,599.13,599.13,0.0,107.15,132.29,161.43,107.15,132.29,161.43,892.0,0.0,45.0,942.78,12,140
PCBench/CubeSAT-Reaction-Wheel__autosave-GPIO to motor/unrouted.dsn,CubeSAT-Reaction-Wheel__autosave-GPIO to motor,A,2026-09-09T06:21:30.500218+00:00,5.5,1,590.52,599.14,8.62,0.0,51.72,357.76,0.0,51.72,349.14,116.0,0.0,0.0,702.31,0,21
PCBench/DiscoDanceFloorV1_BusTerminator/unrouted.dsn,DiscoDanceFloorV1_BusTerminator,A,2026-09-09T06:21:37.306457+00:00,7.5,2,599.8,599.8,0.0,140.94,148.15,111.11,140.94,148.15,111.11,54.0,0.0,0.0,79.89,0,14
PCBench/usb2serial-CH340G_USB2TTL-CH340G/unrouted.dsn,usb2serial-CH340G_USB2TTL-CH340G,A,2026-09-09T06:33:05.334133+00:00,28.92,1,579.53,601.39,21.86,109.86,227.27,83.33,106.94,212.12,79.55,132.0,0.0,0.0,229.29,0,37
PCBench/kitspace_filaSens/unrouted.dsn,kitspace_filaSens,A,2026-09-09T06:26:26.653746+00:00,29.48,2,605.73,605.73,0.0,31.52,196.08,166.67,31.52,196.08,166.67,102.0,0.0,0.0,389.87,0,29
PCBench/navelino-leaf_navelino-leaf/unrouted.dsn,navelino-leaf_navelino-leaf,A,2026-09-09T06:27:46.129676+00:00,16.77,2,606.25,606.25,0.0,0.0,275.0,118.75,0.0,275.0,118.75,80.0,0.0,0.0,313.16,0,28
PCBench/rotorcontrol_nanomount/unrouted.dsn,rotorcontrol_nanomount,A,2026-09-09T06:30:11.802221+00:00,1.5,1,608.7,608.9,0.21,261.84,0.0,129.46,261.63,0.0,129.46,112.0,0.0,0.0,389.13,0,17
PCBench/LimitSwitchesPlugin_LimitSwitchesPlugin/unrouted.dsn,LimitSwitchesPlugin_LimitSwitchesPlugin,A,2026-09-09T06:26:50.250526+00:00,2.72,1,606.55,611.8,5.25,157.87,0.0,235.58,157.43,0.0,230.77,104.0,0.0,0.0,616.71,0,13
PCBench/bldc-gimbal-1d_r1_gimbal-board/unrouted.dsn,bldc-gimbal-1d_r1_gimbal-board,B,2026-09-08T21:27:25.208466+00:00,111.94,1,595.06,611.93,16.87,5.71,248.06,151.16,4.35,232.56,151.16,258.0,0.0,0.0,917.61,1,70
PCBench/BirdAttractor_BirdAttractor_RevC/unrouted.dsn,BirdAttractor_BirdAttractor_RevC,B,2026-09-08T21:25:04.333174+00:00,328.41,2,622.45,622.45,0.0,0.0,278.91,98.64,0.0,278.91,98.64,294.0,0.0,0.0,1137.24,0,71
PCBench/blink-errr_blink-errr/unrouted.dsn,blink-errr_blink-errr,A,2026-09-09T06:20:06.556615+00:00,2.67,1,531.25,622.7,91.45,0.0,250.0,218.75,12.72,166.67,197.92,48.0,0.0,0.0,158.05,1,13
PCBench/autohat-board_autohat-rig/unrouted.dsn,autohat-board_autohat-rig,B,2026-09-09T06:00:44.556974+00:00,342.75,1,622.85,622.85,0.0,34.64,173.3,169.2,34.64,173.3,169.2,854.0,0.0,8.0,3067.91,0,201
PCBench/Raspberry-Pi-Soft-Power-Controller_Switching Supply TPS563208 MCI/unrouted.dsn,Raspberry-Pi-Soft-Power-Controller_Switching Supply TPS563208 MCI,A,2026-09-09T06:30:00.329373+00:00,3.98,2,625.0,625.0,0.0,0.0,291.67,83.33,0.0,291.67,83.33,48.0,0.0,0.0,157.7,0,16
PCBench/kicad-projects_ili9341-breakout/unrouted.dsn,kicad-projects_ili9341-breakout,A,2026-09-09T06:25:03.952987+00:00,2.16,1,585.53,625.0,39.47,0.0,263.16,151.32,0.0,236.84,138.16,76.0,0.0,0.0,311.94,0,18
PCBench/CAL430FR_CAL430F_watch/unrouted.dsn,CAL430FR_CAL430F_watch,A,2026-09-09T06:21:08.271203+00:00,5.47,1,593.44,630.95,37.52,13.71,214.29,178.57,0.0,190.48,178.57,84.0,0.0,0.0,384.5,0,22
PCBench/esp-leipa_esp-12/unrouted.dsn,esp-leipa_esp-12,A,2026-09-09T06:22:43.835489+00:00,6.38,1,608.27,632.27,24.0,36.73,180.0,175.0,32.73,160.0,175.0,100.0,0.0,0.0,395.31,0,22
PCBench/mearm-base-pcb_ServoPCB/unrouted.dsn,mearm-base-pcb_ServoPCB,A,2026-09-09T06:27:14.186601+00:00,5.3,1,587.5,637.5,50.0,0.0,150.0,262.5,0.0,100.0,262.5,40.0,0.0,0.0,434.47,0,14
PCBench/nRF24breakoutBoard_nRF24-breakout/unrouted.dsn,nRF24breakoutBoard_nRF24-breakout,A,2026-09-09T06:27:40.686126+00:00,0.66,1,638.89,638.89,0.0,0.0,0.0,361.11,0.0,0.0,361.11,36.0,0.0,0.0,110.16,0,10
PCBench/Practicas-Curso-Kicad_Salguero_Federico2/unrouted.dsn,Practicas-Curso-Kicad_Salguero_Federico2,A,2026-09-09T06:29:59.033341+00:00,25.67,1,594.68,639.79,45.11,62.24,148.94,194.15,38.4,127.66,194.15,188.0,0.0,0.0,492.96,0,32
PCBench/arf154_arf154/unrouted.dsn,arf154_arf154,B,2026-09-09T06:47:32.999763+00:00,167.94,1,670.24,642.34,-27.9,92.86,113.21,123.69,131.25,104.82,121.59,477.0,0.0,122.0,581.72,5,74
PCBench/busblaster-to-swd_busblaster-to-swd/unrouted.dsn,busblaster-to-swd_busblaster-to-swd,A,2026-09-09T06:20:48.024322+00:00,7.72,2,631.19,655.08,23.89,11.67,95.24,261.9,11.58,71.43,261.9,84.0,0.0,0.0,235.68,0,18
PCBench/Phased-Array-Microphone-using-FPGA_SateliteMicrophone/unrouted.dsn,Phased-Array-Microphone-using-FPGA_SateliteMicrophone,A,2026-09-09T06:28:48.548380+00:00,27.69,2,614.02,659.32,45.3,73.48,181.82,130.68,67.95,136.36,136.36,88.0,0.0,0.0,211.77,0,30
PCBench/MAVRIC_Hardware_SoilBoard/unrouted.dsn,MAVRIC_Hardware_SoilBoard,A,2026-09-09T06:27:15.593076+00:00,12.55,1,609.02,659.45,50.44,3.05,241.38,146.55,0.03,206.9,133.62,116.0,0.0,0.0,357.37,0,31
PCBench/ESP-Breakout_ESP-Breakout/unrouted.dsn,ESP-Breakout_ESP-Breakout,A,2026-09-09T06:22:24.246538+00:00,21.97,1,632.02,660.52,28.5,223.25,65.79,78.95,207.9,52.63,78.95,152.0,0.0,0.0,286.77,13,43
PCBench/SMDBreakouts_smd_breakout/unrouted.dsn,SMDBreakouts_smd_breakout,A,2026-09-09T06:31:08.078068+00:00,30.11,1,662.29,660.68,-1.61,112.71,150.0,75.0,139.32,125.0,75.0,160.0,0.0,0.0,217.55,0,54
PCBench/SMDBreakouts_smd_breakout_quad/unrouted.dsn,SMDBreakouts_smd_breakout_quad,A,2026-09-09T06:31:54.391630+00:00,23.66,1,662.29,660.68,-1.61,112.71,150.0,75.0,139.32,125.0,75.0,160.0,0.0,0.0,217.55,0,54
PCBench/freeUSBi_USBi_Programmer/unrouted.dsn,freeUSBi_USBi_Programmer,A,2026-09-09T06:23:24.764662+00:00,15.23,2,650.57,667.61,17.05,0.0,34.09,315.34,0.0,22.73,309.66,176.0,0.0,0.0,571.1,0,37
PCBench/1-Wire-Wing-pcb_1-Wire_Wing/unrouted.dsn,1-Wire-Wing-pcb_1-Wire_Wing,B,2026-09-09T06:40:37.215985+00:00,63.23,2,608.9,671.96,63.06,17.54,206.9,166.67,32.07,137.93,158.05,174.0,0.0,0.0,465.92,0,42
PCBench/hm-mod-rpi-rtc_hm-mod-rpi-rtc/unrouted.dsn,hm-mod-rpi-rtc_hm-mod-rpi-rtc,A,2026-09-09T06:25:01.879627+00:00,31.34,2,672.5,672.5,0.0,99.88,74.63,152.99,99.88,74.63,152.99,134.0,0.0,0.0,316.67,1,32
PCBench/Practicas-Curso-Kicad_Ejercicio2/unrouted.dsn,Practicas-Curso-Kicad_Ejercicio2,A,2026-09-09T06:29:30.225681+00:00,13.48,1,647.15,672.79,25.64,41.68,138.3,172.87,37.32,117.02,172.87,188.0,0.0,0.0,635.03,0,34
PCBench/breakout-boards_50-to-100/unrouted.dsn,breakout-boards_50-to-100,A,2026-09-09T06:20:35.533653+00:00,0.75,1,662.5,675.0,12.5,0.0,200.0,137.5,0.0,200.0,125.0,40.0,0.0,0.0,116.04,0,10
PCBench/ADC-DAC-16bit_ADC-DAC-16bit/unrouted.dsn,ADC-DAC-16bit_ADC-DAC-16bit,A,2026-09-09T06:20:14.030612+00:00,20.63,1,653.76,678.77,25.01,64.33,106.38,175.53,76.55,85.11,159.57,94.0,0.0,0.0,207.84,1,32
PCBench/gpsclock_clock/unrouted.dsn,gpsclock_clock,A,2026-09-09T06:23:53.955268+00:00,6.2,1,677.63,680.92,3.29,0.0,118.42,203.95,0.0,118.42,200.66,152.0,0.0,0.0,1427.5,0,34
PCBench/hardware-designs_energy-harvester/unrouted.dsn,hardware-designs_energy-harvester,A,2026-09-09T06:23:50.814500+00:00,7.78,1,626.09,681.51,55.42,67.31,169.81,136.79,54.34,132.08,132.08,106.0,0.0,0.0,252.86,0,26
PCBench/KosselHotendBoard_KosselHotendPCB/unrouted.dsn,KosselHotendBoard_KosselHotendPCB,A,2026-09-09T06:26:57.169121+00:00,0.95,1,657.41,685.19,27.78,0.0,0.0,342.59,0.0,0.0,314.81,54.0,0.0,0.0,239.29,0,12
PCBench/avr_ledprojector_avr_ledprojection/unrouted.dsn,avr_ledprojector_avr_ledprojection,B,2026-09-09T06:03:25.226945+00:00,31.72,1,687.3,687.3,0.0,59.27,181.51,71.92,59.27,181.51,71.92,584.0,2.0,0.0,1077.7,0,106
PCBench/Inkjet_InkjetBreakout/unrouted.dsn,Inkjet_InkjetBreakout,A,2026-09-09T06:24:33.195221+00:00,4.69,2,687.39,687.39,0.0,7.06,111.11,194.44,7.06,111.11,194.44,54.0,0.0,0.0,250.88,0,13
PCBench/AnalogThermometer_AnalogThermometer/unrouted.dsn,AnalogThermometer_AnalogThermometer,A,2026-09-09T06:19:26.365973+00:00,5.73,1,690.85,690.0,-0.85,139.15,40.0,130.0,160.0,20.0,130.0,100.0,0.0,0.0,183.19,0,29
PCBench/kicad-workshop_fancyboard/unrouted.dsn,kicad-workshop_fancyboard,A,2026-09-09T06:26:05.154877+00:00,40.88,1,686.46,696.36,9.9,58.59,138.61,116.34,58.59,128.71,116.34,202.0,0.0,0.0,501.94,0,44
PCBench/teensy-touch_teensy-touch/unrouted.dsn,teensy-touch_teensy-touch,A,2026-09-09T06:32:02.470556+00:00,10.0,2,697.12,697.12,0.0,0.0,96.15,206.73,0.0,96.15,206.73,104.0,0.0,0.0,582.55,0,18
PCBench/rufs_dra818v_breakout_board/unrouted.dsn,rufs_dra818v_breakout_board,A,2026-09-09T06:30:20.000538+00:00,6.05,2,614.29,700.0,85.71,0.0,142.86,242.86,0.0,114.29,185.71,70.0,0.0,0.0,300.47,0,14
PCBench/Atreus_54percent_rev/unrouted.dsn,Atreus_54percent_rev,C,2026-09-09T06:07:46.527901+00:00,80.58,1,700.29,700.29,0.0,0.0,70.93,228.78,0.0,70.93,228.78,1720.0,1.0,0.0,7821.39,0,470
PCBench/mechkeys_lfk78-jtag/unrouted.dsn,mechkeys_lfk78-jtag,A,2026-09-09T06:27:09.189533+00:00,0.45,1,701.78,701.78,0.0,73.22,0.0,225.0,73.22,0.0,225.0,40.0,0.0,0.0,110.49,0,8
PCBench/Eggbot-Spherebot-polargraph-Controller_eggbot-spherebot-polargraph-controller/unrouted.dsn,Eggbot-Spherebot-polargraph-Controller_eggbot-spherebot-polargraph-controller,A,2026-09-09T06:22:25.417178+00:00,22.28,2,695.31,705.73,10.42,0.0,31.25,273.44,0.0,20.83,273.44,192.0,0.0,0.0,1353.64,0,40
PCBench/59pct_keyboard/unrouted.dsn,59pct_keyboard,C,2026-09-09T05:39:44.489650+00:00,44.97,1,709.37,709.37,0.0,0.0,102.82,187.81,0.0,102.82,187.81,1206.0,4.0,40.0,7668.77,3,205
PCBench/ADC-PCM4202-SE_ADC-PCM4202-SE/unrouted.dsn,ADC-PCM4202-SE_ADC-PCM4202-SE,C,2026-09-09T05:53:26.462410+00:00,815.28,1,716.73,716.73,0.0,119.34,88.97,74.95,119.34,88.97,74.95,1034.0,0.0,0.0,2459.89,0,297
PCBench/CoreOne-xCORE200-Original_CoreOne/unrouted.dsn,CoreOne-xCORE200-Original_CoreOne,D,2026-09-09T07:18:10.246393+00:00,610.97,1,718.75,718.75,0.0,33.29,129.76,118.19,33.29,129.76,118.19,4408.0,5.0,33.0,7407.85,1,575
PCBench/kelvindmmwifi_kelvindmmwifi/unrouted.dsn,kelvindmmwifi_kelvindmmwifi,A,2026-09-09T06:24:40.983667+00:00,13.83,1,649.02,724.4,75.37,62.84,220.34,67.8,25.6,186.44,63.56,118.0,0.0,0.0,304.25,0,33
PCBench/Practicas-Curso-Kicad_Ejercicio_2/unrouted.dsn,Practicas-Curso-Kicad_Ejercicio_2,A,2026-09-09T06:29:23.819196+00:00,16.89,1,710.11,726.06,15.96,0.0,138.3,151.6,0.0,127.66,146.28,188.0,0.0,0.0,503.52,1,30
PCBench/AVR-ZIF-Programmer_AVR-ZIF-Prog/unrouted.dsn,AVR-ZIF-Programmer_AVR-ZIF-Prog,B,2026-09-09T06:02:13.555127+00:00,77.7,2,726.95,726.95,0.0,0.0,56.74,216.31,0.0,56.74,216.31,282.0,0.0,0.0,1525.53,0,54
PCBench/airqualitystation_hardware/unrouted.dsn,airqualitystation_hardware,B,2026-09-09T05:39:46.538850+00:00,80.44,1,710.18,729.12,18.94,23.62,185.19,81.02,23.2,166.67,81.02,216.0,0.0,0.0,642.29,4,59
PCBench/NightClock_ESPBoard/unrouted.dsn,NightClock_ESPBoard,A,2026-09-09T06:28:11.109109+00:00,19.59,1,697.66,729.21,31.55,96.79,111.11,94.44,81.9,100.0,88.89,180.0,0.0,0.0,546.98,0,38
PCBench/AVR-ISP_level-shifter_AVR-ISP_level-shifter/unrouted.dsn,AVR-ISP_level-shifter_AVR-ISP_level-shifter,B,2026-09-09T06:01:17.664345+00:00,6.44,1,730.01,730.01,0.0,49.4,47.06,173.53,49.4,47.06,173.53,170.0,1.0,0.0,349.41,0,48
PCBench/crossover-schiit-stack_xover4schiit/unrouted.dsn,crossover-schiit-stack_xover4schiit,A,2026-09-09T06:21:09.371932+00:00,0.5,1,735.51,735.51,0.0,14.49,0.0,250.0,14.49,0.0,250.0,24.0,0.0,0.0,168.4,0,0
PCBench/ATmega32_ExploreUltraAvrDevKit__autosave-MCU_BaseBoard/unrouted.dsn,ATmega32_ExploreUltraAvrDevKit__autosave-MCU_BaseBoard,C,2026-09-09T06:01:20.377367+00:00,39.77,1,736.89,736.89,0.0,0.0,76.14,186.97,0.0,76.14,186.97,1182.0,2.0,2.0,6934.7,0,203
PCBench/BITxo_BITxo/unrouted.dsn,BITxo_BITxo,B,2026-09-08T21:25:22.249959+00:00,11.44,1,723.04,740.77,17.73,92.75,70.18,114.04,88.18,52.63,118.42,114.0,0.0,2.0,260.49,5,37
PCBench/sensorboard_DiffIR/unrouted.dsn,sensorboard_DiffIR,A,2026-09-09T06:30:58.661163+00:00,17.72,2,741.08,741.08,0.0,31.14,111.11,116.67,31.14,111.11,116.67,90.0,0.0,0.0,246.59,0,30
PCBench/bikedar_bikedar/unrouted.dsn,bikedar_bikedar,B,2026-09-08T21:25:01.791745+00:00,415.0,1,708.64,742.92,34.28,139.03,71.04,81.28,120.47,65.57,71.04,732.0,0.0,6.0,649.55,0,88
PCBench/ESP_WiFiSwitch_WifiSwitch/unrouted.dsn,ESP_WiFiSwitch_WifiSwitch,A,2026-09-09T06:22:59.857591+00:00,6.48,2,743.9,743.9,0.0,0.0,146.34,109.76,0.0,146.34,109.76,82.0,0.0,0.0,348.49,0,21
PCBench/BGM111-External-Programmer_BGM111_Programmer/unrouted.dsn,BGM111-External-Programmer_BGM111_Programmer,A,2026-09-09T06:20:07.216083+00:00,6.75,2,746.88,746.88,0.0,70.83,83.33,98.96,70.83,83.33,98.96,96.0,0.0,0.0,132.57,0,6
PCBench/beer-gauge_sensorboard/unrouted.dsn,beer-gauge_sensorboard,B,2026-09-09T06:08:09.858420+00:00,20.63,1,684.69,748.93,64.25,83.83,166.67,64.81,70.51,111.11,69.44,108.0,0.0,12.0,176.43,0,28
PCBench/akuhei_akuhei/unrouted.dsn,akuhei_akuhei,B,2026-09-09T05:40:07.255982+00:00,2.41,1,750.0,750.0,0.0,0.0,96.77,153.23,0.0,96.77,153.23,124.0,2.0,0.0,321.86,0,33
PCBench/AmpOne_dev-AmpOne/unrouted.dsn,AmpOne_dev-AmpOne,C,2026-09-09T06:53:40.198360+00:00,93.58,1,751.74,751.74,0.0,43.55,71.96,132.75,43.55,71.96,132.75,806.0,1.0,0.0,2588.58,17,198
PCBench/AS5043-Encoder_sensor-board/unrouted.dsn,AS5043-Encoder_sensor-board,A,2026-09-09T06:19:44.997494+00:00,6.48,1,720.15,756.57,36.42,63.51,153.85,62.5,60.74,115.38,67.31,104.0,0.0,0.0,234.78,1,25
PCBench/esp8266_envmonitor_environment-monitor-1.2/unrouted.dsn,esp8266_envmonitor_environment-monitor-1.2,A,2026-09-09T06:22:57.484227+00:00,6.78,1,686.1,761.19,75.09,55.43,118.64,139.83,22.71,84.75,131.36,118.0,0.0,0.0,365.88,0,23
PCBench/ADC-PCM4202_ADC-PCM4202/unrouted.dsn,ADC-PCM4202_ADC-PCM4202,C,2026-09-09T06:59:28.567184+00:00,2849.3,1,762.14,762.14,0.0,81.44,106.42,50.0,81.44,106.42,50.0,1090.0,0.0,0.0,2564.81,8,312
PCBench/Avem_Hardware_Avem_demo/unrouted.dsn,Avem_Hardware_Avem_demo,B,2026-09-09T05:57:22.644075+00:00,25.22,1,770.69,770.69,0.0,0.0,117.24,112.07,0.0,117.24,112.07,290.0,1.0,0.0,678.27,0,69
PCBench/hardware-designs_spsgrf-board/unrouted.dsn,hardware-designs_spsgrf-board,A,2026-09-09T06:23:38.838968+00:00,0.86,1,765.15,772.73,7.58,0.0,151.52,83.33,0.0,151.52,75.76,66.0,0.0,0.0,190.52,0,10
PCBench/audio_relay_input_switch_relay_switch/unrouted.dsn,audio_relay_input_switch_relay_switch,B,2026-09-09T05:55:31.774675+00:00,16.77,2,750.0,774.69,24.69,0.0,61.73,188.27,0.0,49.38,175.93,162.0,0.0,9.0,591.23,1,37
PCBench/blinky-badge_blinky/unrouted.dsn,blinky-badge_blinky,B,2026-09-08T21:29:31.538682+00:00,99.88,1,748.55,775.0,26.45,6.0,163.64,81.82,0.0,145.45,79.55,220.0,0.0,162.0,490.18,2,86
PCBench/BB-PWR-8009_BB-PWR-8009_revA/unrouted.dsn,BB-PWR-8009_BB-PWR-8009_revA,B,2026-09-09T06:06:31.126873+00:00,5.28,1,753.87,775.45,21.58,108.2,68.97,68.97,95.24,68.97,60.34,58.0,0.0,18.0,66.36,0,16
PCBench/Practicas-Curso-Kicad_Ej2/unrouted.dsn,Practicas-Curso-Kicad_Ej2,A,2026-09-09T06:30:07.094588+00:00,14.78,1,747.34,776.6,29.26,0.0,148.94,103.72,0.0,127.66,95.74,188.0,0.0,0.0,552.51,1,34
PCBench/POV_POV/unrouted.dsn,POV_POV,A,2026-09-09T06:29:26.293000+00:00,2.13,1,778.57,778.57,0.0,0.0,0.0,221.43,0.0,0.0,221.43,70.0,0.0,0.0,345.91,0,16
PCBench/kitspace_temp_breakout/unrouted.dsn,kitspace_temp_breakout,A,2026-09-09T06:26:34.370966+00:00,1.75,1,778.71,778.71,0.0,96.29,0.0,125.0,96.29,0.0,125.0,48.0,0.0,0.0,232.62,0,4
PCBench/BlueBerry-Zero_blueberry/unrouted.dsn,BlueBerry-Zero_blueberry,B,2026-09-08T21:30:22.966139+00:00,27.63,1,780.46,780.46,0.0,0.0,111.68,107.87,0.0,111.68,107.87,394.0,1.0,8.0,655.47,0,84
PCBench/ATmega32_ExploreUltraAvrDevKit_40pin_AVRMCU/unrouted.dsn,ATmega32_ExploreUltraAvrDevKit_40pin_AVRMCU,A,2026-09-09T06:20:01.607510+00:00,32.69,1,772.0,782.0,10.0,0.0,56.0,172.0,0.0,48.0,170.0,250.0,0.0,0.0,1200.15,0,65
PCBench/sensorboard_DiffIR.kicad_pcb_narrow/unrouted.dsn,sensorboard_DiffIR.kicad_pcb_narrow,A,2026-09-09T06:30:55.995213+00:00,13.86,2,783.33,783.33,0.0,0.0,111.11,105.56,0.0,111.11,105.56,90.0,0.0,0.0,266.24,0,27
PCBench/SmartLaserCO2-PCB_WaterCool/unrouted.dsn,SmartLaserCO2-PCB_WaterCool,A,2026-09-09T06:30:30.913793+00:00,0.56,1,701.63,787.65,86.02,90.04,0.0,208.33,24.85,0.0,187.5,24.0,0.0,0.0,103.4,0,4
PCBench/ESP-12-breakout_ESP12E-breakout/unrouted.dsn,ESP-12-breakout_ESP12E-breakout,A,2026-09-09T06:22:12.011835+00:00,11.67,1,776.52,787.88,11.36,0.0,136.36,87.12,0.0,136.36,75.76,132.0,0.0,0.0,320.77,0,40
PCBench/oled-bmp280-touch_oled-bmp280-touch/unrouted.dsn,oled-bmp280-touch_oled-bmp280-touch,A,2026-09-09T06:28:04.562828+00:00,2.37,1,778.3,792.45,14.15,0.0,0.0,221.7,0.0,0.0,207.55,106.0,0.0,0.0,574.29,0,19
PCBench/kitspace_Arduino_uno_sheild/unrouted.dsn,kitspace_Arduino_uno_sheild,A,2026-09-09T06:26:11.220962+00:00,14.92,2,793.6,793.6,0.0,0.0,58.14,148.26,0.0,58.14,148.26,172.0,0.0,0.0,1100.86,0,33
PCBench/avr-fuser-32_hvpp/unrouted.dsn,avr-fuser-32_hvpp,B,2026-09-09T06:00:53.190694+00:00,28.22,1,793.78,793.78,0.0,0.0,133.64,72.58,0.0,133.64,72.58,434.0,6.0,0.0,1766.77,0,89
PCBench/KiCad-LTC6802-2_main/unrouted.dsn,KiCad-LTC6802-2_main,A,2026-09-09T06:24:59.504030+00:00,11.02,1,772.15,794.3,22.15,0.0,88.61,139.24,0.0,63.29,142.41,158.0,0.0,0.0,489.48,0,27
PCBench/keyboard_converter_adapter_ibm4704_converter_adapter_ibm4704/unrouted.dsn,keyboard_converter_adapter_ibm4704_converter_adapter_ibm4704,A,2026-09-09T06:24:32.526674+00:00,2.28,1,750.0,798.61,48.61,0.0,194.44,55.56,0.0,138.89,62.5,72.0,0.0,0.0,196.04,0,16
PCBench/hardware-designs_nixie-power/unrouted.dsn,hardware-designs_nixie-power,A,2026-09-09T06:24:20.918276+00:00,7.5,1,757.14,799.29,42.15,12.86,200.0,30.0,10.71,160.0,30.0,100.0,0.0,0.0,465.9,0,37
PCBench/SparkSwitch_SparkProtectionSwitch/unrouted.dsn,SparkSwitch_SparkProtectionSwitch,A,2026-09-09T06:31:09.021291+00:00,4.73,1,725.32,800.36,75.04,105.32,129.03,40.32,159.32,0.0,40.32,62.0,0.0,0.0,164.64,0,11
PCBench/96boards-robomezzi_96boards-robomezzi/unrouted.dsn,96boards-robomezzi_96boards-robomezzi,C,2026-09-09T06:54:23.703615+00:00,72.05,1,800.54,800.54,0.0,0.0,125.6,73.86,0.0,125.6,73.86,1672.0,4.0,6.0,2573.85,0,181
PCBench/Thremal-Printer_thermal printer/unrouted.dsn,Thremal-Printer_thermal printer,A,2026-09-09T06:33:08.406712+00:00,47.59,2,801.28,801.28,0.0,0.0,34.19,164.53,0.0,34.19,164.53,234.0,0.0,0.0,1161.74,0,55
PCBench/kika-in-space_DS8500/unrouted.dsn,kika-in-space_DS8500,A,2026-09-09T06:26:06.716382+00:00,31.3,2,804.48,804.48,0.0,81.11,67.8,46.61,81.11,67.8,46.61,118.0,0.0,0.0,211.8,0,31
PCBench/Solare-BQ24210_Solare-BQ24210/unrouted.dsn,Solare-BQ24210_Solare-BQ24210,A,2026-09-09T06:31:47.775396+00:00,15.27,2,805.72,805.72,0.0,44.28,25.0,125.0,44.28,25.0,125.0,80.0,0.0,0.0,116.07,0,18
PCBench/RPi-ATtiny85-Programmer_rpi_attiny85_programmer/unrouted.dsn,RPi-ATtiny85-Programmer_rpi_attiny85_programmer,A,2026-09-09T06:29:55.702394+00:00,1.27,1,807.69,807.69,0.0,0.0,0.0,192.31,0.0,0.0,192.31,52.0,0.0,0.0,230.86,0,13
PCBench/IGN01A_IGN01A/unrouted.dsn,IGN01A_IGN01A,A,2026-09-09T06:25:21.338387+00:00,25.28,1,809.41,809.41,0.0,0.0,158.42,32.18,0.0,158.42,32.18,202.0,0.0,0.0,657.41,0,47
PCBench/boards_shift-register-demo-v2/unrouted.dsn,boards_shift-register-demo-v2,B,2026-09-08T21:31:56.417363+00:00,24.45,1,800.97,810.68,9.71,0.0,0.0,199.03,0.0,0.0,189.32,206.0,0.0,0.0,1216.17,0,47
PCBench/bmw-ibus-bluetooth_bmw_bt_cdcemu_digital/unrouted.dsn,bmw-ibus-bluetooth_bmw_bt_cdcemu_digital,B,2026-09-08T21:31:56.326132+00:00,197.98,1,803.94,813.13,9.19,46.51,50.23,99.32,43.03,45.66,98.17,438.0,0.0,4.0,888.37,4,112
PCBench/kicad_bbb-melzi/unrouted.dsn,kicad_bbb-melzi,A,2026-09-09T06:25:18.119657+00:00,2.34,1,796.16,814.07,17.91,11.54,38.46,153.85,12.86,19.23,153.85,104.0,0.0,0.0,416.95,0,17
PCBench/mini-whip_mini-whip/unrouted.dsn,mini-whip_mini-whip,A,2026-09-09T06:27:25.123050+00:00,6.72,1,734.28,816.42,82.14,2.2,189.19,74.32,1.15,108.11,74.32,74.0,0.0,0.0,226.93,1,22
PCBench/mechkeys_isp/unrouted.dsn,mechkeys_isp,A,2026-09-09T06:27:35.352431+00:00,7.84,1,768.54,816.8,48.26,33.79,162.79,34.88,32.04,116.28,34.88,86.0,0.0,0.0,211.33,0,26
PCBench/Hardware-done-with-kicad_AVRlearn/unrouted.dsn,Hardware-done-with-kicad_AVRlearn,A,2026-09-09T06:23:56.108006+00:00,3.98,1,789.47,820.18,30.7,0.0,140.35,70.18,0.0,105.26,74.56,114.0,0.0,0.0,427.58,0,20
PCBench/Teensy-Hats_Teensy-LCD-LiDAR-Hat/unrouted.dsn,Teensy-Hats_Teensy-LCD-LiDAR-Hat,A,2026-09-09T06:31:59.277291+00:00,10.58,1,804.12,822.16,18.04,0.0,82.47,113.4,0.0,61.86,115.98,194.0,0.0,0.0,778.25,0,41
PCBench/a123-battery-integration_BCM/unrouted.dsn,a123-battery-integration_BCM,B,2026-09-09T06:44:10.579694+00:00,656.16,1,809.68,822.52,12.84,3.29,139.31,47.71,0.0,129.77,47.71,1048.0,0.0,6.0,1566.01,0,136
PCBench/avr-divecomputer_dc/unrouted.dsn,avr-divecomputer_dc,B,2026-09-09T05:58:26.060153+00:00,160.94,1,814.95,822.95,8.01,0.0,85.41,99.64,0.0,78.29,98.75,562.0,0.0,0.0,2319.89,0,104
PCBench/Arduino_Lipo_Storage_Discharger_Lipo_Storage_Discharger/unrouted.dsn,Arduino_Lipo_Storage_Discharger_Lipo_Storage_Discharger,B,2026-09-09T05:49:57.507487+00:00,35.14,1,808.98,826.0,17.02,5.02,56.0,130.0,0.0,48.0,126.0,250.0,0.0,0.0,1036.56,0,53
PCBench/Youyue-858D-plus-MCU-adapter_youyue-858d-plus-mcu-adapter/unrouted.dsn,Youyue-858D-plus-MCU-adapter_youyue-858d-plus-mcu-adapter,A,2026-09-09T06:33:16.107489+00:00,47.38,1,820.16,829.03,8.86,124.84,26.67,28.33,117.64,26.67,26.67,300.0,0.0,0.0,401.57,0,37
PCBench/kitspace_tt_nano_HAT_b1/unrouted.dsn,kitspace_tt_nano_HAT_b1,A,2026-09-09T06:26:41.676642+00:00,6.72,1,833.33,833.33,0.0,0.0,0.0,166.67,0.0,0.0,166.67,168.0,0.0,0.0,520.09,0,28
PCBench/z2amiller_sensorboard_programmer/unrouted.dsn,z2amiller_sensorboard_programmer,A,2026-09-09T06:32:49.243339+00:00,2.52,2,839.29,839.29,0.0,0.0,35.71,125.0,0.0,35.71,125.0,56.0,0.0,0.0,161.97,0,10
PCBench/beast-phat_beast-phat/unrouted.dsn,beast-phat_beast-phat,B,2026-09-09T06:07:32.630270+00:00,34.03,2,793.66,841.07,47.42,75.39,23.81,107.14,33.93,11.9,113.1,168.0,0.0,0.0,327.76,0,35
PCBench/BirdAttractor_BirdAttractor_RevA/unrouted.dsn,BirdAttractor_BirdAttractor_RevA,B,2026-09-09T06:09:16.290739+00:00,3.84,1,797.81,841.64,43.82,25.72,78.43,98.04,11.3,58.82,88.24,102.0,0.0,2.0,360.1,0,23
PCBench/TTNEnschedeMote_ArduinoNanoRN2483/unrouted.dsn,TTNEnschedeMote_ArduinoNanoRN2483,A,2026-09-09T06:32:53.766111+00:00,15.0,1,798.74,844.58,45.84,132.45,36.7,32.11,102.67,18.35,34.4,218.0,0.0,0.0,454.66,0,12
PCBench/esp8266_wi07_3_adapter_esp/unrouted.dsn,esp8266_wi07_3_adapter_esp,A,2026-09-09T06:22:44.971367+00:00,1.91,1,800.04,846.15,46.12,17.27,76.92,105.77,0.0,76.92,76.92,52.0,0.0,0.0,114.64,0,14
PCBench/esp8266-external-temp-sensor_external-temp-sensor/unrouted.dsn,esp8266-external-temp-sensor_external-temp-sensor,A,2026-09-09T06:22:43.783756+00:00,6.27,1,826.61,850.61,24.0,19.89,87.72,65.79,26.58,52.63,70.18,114.0,0.0,0.0,280.61,0,25
PCBench/PowerGloveUHID_sensor_board/unrouted.dsn,PowerGloveUHID_sensor_board,A,2026-09-09T06:29:11.217724+00:00,5.53,2,851.19,851.19,0.0,0.0,23.81,125.0,0.0,23.81,125.0,84.0,0.0,0.0,353.77,0,10
PCBench/kitspace_power_supply/unrouted.dsn,kitspace_power_supply,A,2026-09-09T06:26:27.230154+00:00,2.98,1,851.35,851.35,0.0,0.0,0.0,148.65,0.0,0.0,148.65,74.0,0.0,0.0,322.22,0,18
PCBench/dustbox_Dustbox/unrouted.dsn,dustbox_Dustbox,A,2026-09-09T06:21:39.473464+00:00,1.36,1,851.85,851.85,0.0,0.0,0.0,148.15,0.0,0.0,148.15,54.0,0.0,0.0,284.68,0,10
PCBench/sv650sds_sds_tool/unrouted.dsn,sv650sds_sds_tool,A,2026-09-09T06:31:59.262217+00:00,8.81,1,841.77,854.43,12.66,0.0,63.29,94.94,0.0,50.63,94.94,158.0,0.0,0.0,314.19,0,26
PCBench/Omega2-mini-dock_Omega2 mini-dock/unrouted.dsn,Omega2-mini-dock_Omega2 mini-dock,A,2026-09-09T06:28:25.141901+00:00,26.16,1,840.09,855.86,15.77,0.0,72.07,87.84,0.0,54.05,90.09,222.0,0.0,0.0,619.17,0,62
PCBench/ChirpHardware_chirp/unrouted.dsn,ChirpHardware_chirp,B,2026-09-09T06:49:10.709781+00:00,26.28,1,858.73,858.73,0.0,3.15,92.59,45.52,3.15,92.59,45.52,648.0,1.0,6.0,761.12,0,85
PCBench/autohat-board_inverted-usd-adapter/unrouted.dsn,autohat-board_inverted-usd-adapter,A,2026-09-09T06:19:23.997466+00:00,0.88,2,859.38,859.38,0.0,0.0,62.5,78.12,0.0,62.5,78.12,32.0,0.0,0.0,240.26,0,8
PCBench/ABOVISP_ABOVISP/unrouted.dsn,ABOVISP_ABOVISP,B,2026-09-09T05:34:37.386613+00:00,2.41,1,864.41,864.41,0.0,0.0,67.8,67.8,0.0,67.8,67.8,118.0,1.0,60.0,201.03,0,28
PCBench/arduino_arduino leds/unrouted.dsn,arduino_arduino leds,B,2026-09-09T05:49:18.326604+00:00,11.17,1,864.4,864.92,0.52,4.79,11.63,119.19,4.27,11.63,119.19,172.0,0.0,0.0,749.55,0,43
PCBench/Paperino_HW_Paperino_shield/unrouted.dsn,Paperino_HW_Paperino_shield,A,2026-09-09T06:28:30.970076+00:00,4.16,1,862.5,866.67,4.17,0.0,0.0,137.5,0.0,0.0,133.33,120.0,0.0,0.0,612.06,0,12
PCBench/starsynctrackers_reset_switch/unrouted.dsn,starsynctrackers_reset_switch,A,2026-09-09T06:31:34.968194+00:00,2.05,2,868.42,868.42,0.0,0.0,105.26,26.32,0.0,105.26,26.32,38.0,0.0,0.0,77.16,0,12
PCBench/BeaconBuddy_BeaconBuddy/unrouted.dsn,BeaconBuddy_BeaconBuddy,B,2026-09-08T21:25:00.399335+00:00,38.13,1,870.95,870.95,0.0,35.83,25.42,67.8,35.83,25.42,67.8,472.0,3.0,141.0,440.97,0,111
PCBench/board_armjtag_pmod_compatible_armjtag-pmod/unrouted.dsn,board_armjtag_pmod_compatible_armjtag-pmod,A,2026-09-09T06:20:18.281413+00:00,3.34,1,865.85,871.95,6.1,0.0,0.0,134.15,0.0,0.0,128.05,82.0,0.0,0.0,287.02,0,14
PCBench/6N137-TTL-Serial-Optoisolator_6N137-TTL-Serial-Optoisolator/unrouted.dsn,6N137-TTL-Serial-Optoisolator_6N137-TTL-Serial-Optoisolator,B,2026-09-09T05:30:47.084615+00:00,4.7,1,875.0,875.0,0.0,0.0,0.0,125.0,0.0,0.0,125.0,92.0,0.0,4.0,281.3,0,20
PCBench/Arduino-Theremin_arduino-theremin-v1/unrouted.dsn,Arduino-Theremin_arduino-theremin-v1,B,2026-09-09T05:48:42.607409+00:00,0.86,1,875.0,875.0,0.0,0.0,45.45,79.55,0.0,45.45,79.55,132.0,1.0,0.0,722.05,0,25
PCBench/photon_Sprinkler_sprinkler/unrouted.dsn,photon_Sprinkler_sprinkler,A,2026-09-09T06:28:51.591148+00:00,14.2,2,852.94,878.68,25.74,0.0,73.53,73.53,0.0,44.12,77.21,136.0,0.0,0.0,796.01,0,33
PCBench/apa102lantern_apa102-lantern-esp8266/unrouted.dsn,apa102lantern_apa102-lantern-esp8266,B,2026-09-09T05:47:45.989767+00:00,48.03,2,880.68,880.68,0.0,0.0,34.09,85.23,0.0,34.09,85.23,176.0,0.0,0.0,561.37,0,52
PCBench/battmanpi_battmanpi/unrouted.dsn,battmanpi_battmanpi,B,2026-09-09T06:07:26.472747+00:00,6.98,1,882.11,882.11,0.0,0.0,4.07,113.82,0.0,4.07,113.82,492.0,1.0,12.0,1379.47,0,77
PCBench/opentilt_opentilt1/unrouted.dsn,opentilt_opentilt1,A,2026-09-09T06:28:08.262641+00:00,4.56,2,856.57,885.7,29.13,22.34,31.25,89.84,8.83,15.62,89.84,128.0,0.0,0.0,607.06,0,14
PCBench/ATtiny461Breakout_ATTiny461DevBoard/unrouted.dsn,ATtiny461Breakout_ATTiny461DevBoard,B,2026-09-09T05:55:24.219817+00:00,2.58,1,887.98,887.98,0.0,12.89,51.72,47.41,12.89,51.72,47.41,116.0,1.0,0.0,292.58,0,36
PCBench/eBUS-Adapter_Henning/unrouted.dsn,eBUS-Adapter_Henning,A,2026-09-09T06:22:09.095449+00:00,5.64,1,888.06,888.06,0.0,0.0,0.0,111.94,0.0,0.0,111.94,134.0,0.0,0.0,462.96,0,33
PCBench/ponyser-pcb_Ponyser/unrouted.dsn,ponyser-pcb_Ponyser,A,2026-09-09T06:28:48.967363+00:00,2.38,1,845.27,888.93,43.66,52.17,51.28,51.28,34.15,25.64,51.28,78.0,0.0,0.0,105.43,0,18
PCBench/kitspace_12V5A_breakout/unrouted.dsn,kitspace_12V5A_breakout,A,2026-09-09T06:25:24.231235+00:00,1.69,1,890.0,890.0,0.0,0.0,0.0,110.0,0.0,0.0,110.0,50.0,0.0,0.0,222.96,0,5
PCBench/badge2016_Badge_init/unrouted.dsn,badge2016_Badge_init,D,2026-09-09T06:04:13.654041+00:00,50.25,1,890.96,891.23,0.27,97.44,5.99,5.61,97.16,5.99,5.61,1336.0,0.0,17.0,403.13,0,13
PCBench/fingerprint-with-esp32_quet van tay/unrouted.dsn,fingerprint-with-esp32_quet van tay,A,2026-09-09T06:23:24.767169+00:00,5.81,2,864.75,893.44,28.69,0.0,81.97,53.28,0.0,49.18,57.38,122.0,0.0,0.0,532.64,0,15
PCBench/PixyWirelessShield_Shield PIXY/unrouted.dsn,PixyWirelessShield_Shield PIXY,A,2026-09-09T06:29:05.949769+00:00,0.59,2,894.23,894.23,0.0,0.0,38.46,67.31,0.0,38.46,67.31,52.0,0.0,0.0,161.39,0,5
PCBench/pi_plant_MCP3002/unrouted.dsn,pi_plant_MCP3002,A,2026-09-09T06:28:47.318881+00:00,1.61,1,868.42,894.74,26.32,0.0,0.0,131.58,0.0,0.0,105.26,76.0,0.0,0.0,234.96,0,13
PCBench/RPi-PWM-Fan-interface_RPi PWM Fan interface/unrouted.dsn,RPi-PWM-Fan-interface_RPi PWM Fan interface,A,2026-09-09T06:30:09.070435+00:00,0.69,1,870.91,896.39,25.48,38.18,0.0,90.91,24.07,0.0,79.55,44.0,0.0,0.0,62.33,0,9
PCBench/temp_logger_esp8266_temp_logger/unrouted.dsn,temp_logger_esp8266_temp_logger,A,2026-09-09T06:32:01.586268+00:00,2.33,1,896.74,896.74,0.0,0.0,0.0,103.26,0.0,0.0,103.26,92.0,0.0,0.0,306.2,0,22
PCBench/analogevse_AnalogEVSE/unrouted.dsn,analogevse_AnalogEVSE,B,2026-09-09T05:43:38.411312+00:00,74.08,1,898.48,898.48,0.0,0.0,0.0,101.52,0.0,0.0,101.52,394.0,0.0,12.0,1868.93,0,100
PCBench/kitspace_4_switch_array/unrouted.dsn,kitspace_4_switch_array,A,2026-09-09T06:25:33.741716+00:00,2.13,1,900.0,900.0,0.0,0.0,0.0,100.0,0.0,0.0,100.0,80.0,0.0,0.0,329.02,0,13
PCBench/eBUS-Adapter_Groeger/unrouted.dsn,eBUS-Adapter_Groeger,A,2026-09-09T06:21:54.359173+00:00,2.25,1,901.16,901.16,0.0,0.0,0.0,98.84,0.0,0.0,98.84,86.0,0.0,0.0,282.45,0,22
PCBench/Photodiode_dethead/unrouted.dsn,Photodiode_dethead,A,2026-09-09T06:28:43.337780+00:00,8.03,1,865.74,907.41,41.67,0.0,111.11,23.15,0.0,74.07,18.52,108.0,0.0,0.0,242.45,0,31
PCBench/kitspace_12_24_boost_converter/unrouted.dsn,kitspace_12_24_boost_converter,A,2026-09-09T06:25:21.328873+00:00,3.44,1,896.34,908.54,12.2,0.0,0.0,103.66,0.0,0.0,91.46,82.0,0.0,0.0,346.86,0,24
PCBench/atmel-programmer_atmel_programmer/unrouted.dsn,atmel-programmer_atmel_programmer,B,2026-09-09T05:54:47.293625+00:00,9.53,1,909.42,909.42,0.0,0.0,0.0,90.58,0.0,0.0,90.58,276.0,0.0,0.0,1026.12,0,31
PCBench/nodemcu-backstage_NodeMCU Backstage/unrouted.dsn,nodemcu-backstage_NodeMCU Backstage,A,2026-09-09T06:27:50.494828+00:00,7.53,1,898.73,911.39,12.66,0.0,63.29,37.97,0.0,50.63,37.97,158.0,0.0,0.0,382.74,0,15
PCBench/kitspace_Potentiometer_mount_4LED/unrouted.dsn,kitspace_Potentiometer_mount_4LED,A,2026-09-09T06:26:25.668161+00:00,0.31,1,887.5,912.5,25.0,0.0,0.0,112.5,0.0,0.0,87.5,40.0,0.0,0.0,234.76,0,8
PCBench/BML-Badges_BML_01/unrouted.dsn,BML-Badges_BML_01,A,2026-09-09T06:20:17.070974+00:00,2.83,1,912.79,912.79,0.0,0.0,0.0,87.21,0.0,0.0,87.21,86.0,0.0,0.0,358.9,0,18
PCBench/Apple-M0110-BT_Apple M0110/unrouted.dsn,Apple-M0110-BT_Apple M0110,C,2026-09-09T05:53:00.801393+00:00,180.19,1,913.97,913.97,0.0,0.0,0.0,86.03,0.0,0.0,86.03,680.0,0.0,8.0,4658.55,0,163
PCBench/MSGEQ7-Breakout-Board_MSGEQ7_Breakout_Board/unrouted.dsn,MSGEQ7-Breakout-Board_MSGEQ7_Breakout_Board,A,2026-09-09T06:27:29.042280+00:00,1.38,1,907.14,914.29,7.14,0.0,0.0,92.86,0.0,0.0,85.71,70.0,0.0,0.0,211.89,0,18
PCBench/4N35-TTL-Serial-Optoisolator_4N35-TTL-Serial-Optoisolator/unrouted.dsn,4N35-TTL-Serial-Optoisolator_4N35-TTL-Serial-Optoisolator,A,2026-09-09T06:19:37.638660+00:00,1.88,1,914.47,914.47,0.0,0.0,0.0,85.53,0.0,0.0,85.53,76.0,0.0,0.0,231.14,0,18
PCBench/kitspace_gas_sensor/unrouted.dsn,kitspace_gas_sensor,A,2026-09-09T06:25:47.813332+00:00,1.91,1,916.67,916.67,0.0,0.0,0.0,83.33,0.0,0.0,83.33,66.0,0.0,0.0,261.73,0,19
PCBench/rufs__autosave-simple_kicad_schema_and_pcb_v1/unrouted.dsn,rufs__autosave-simple_kicad_schema_and_pcb_v1,A,2026-09-09T06:30:19.701562+00:00,0.06,1,916.67,916.67,0.0,0.0,0.0,83.33,0.0,0.0,83.33,12.0,0.0,0.0,50.8,0,1
PCBench/rufs_simple_kicad_schema_and_pcb_v1/unrouted.dsn,rufs_simple_kicad_schema_and_pcb_v1,A,2026-09-09T06:30:16.780465+00:00,0.14,1,916.67,916.67,0.0,0.0,0.0,83.33,0.0,0.0,83.33,12.0,0.0,0.0,50.8,0,1
PCBench/bmw-ibus-bluetooth_bmw_bt_cdcemu_analog/unrouted.dsn,bmw-ibus-bluetooth_bmw_bt_cdcemu_analog,B,2026-09-08T21:30:22.585474+00:00,11.42,1,918.14,918.14,0.0,0.0,53.1,28.76,0.0,53.1,28.76,226.0,1.0,4.0,397.76,0,72
PCBench/rgb-strip-controller__autosave-rgb-strip/unrouted.dsn,rgb-strip-controller__autosave-rgb-strip,A,2026-09-09T06:30:01.203102+00:00,5.06,1,913.64,918.18,4.55,0.0,0.0,86.36,0.0,0.0,81.82,110.0,0.0,0.0,454.67,0,32
PCBench/drawduino_drawduino/unrouted.dsn,drawduino_drawduino,A,2026-09-09T06:21:32.335298+00:00,1.64,1,850.02,918.52,68.5,24.98,90.91,34.09,24.66,45.45,11.36,44.0,0.0,0.0,218.16,0,14
PCBench/gwurrbus_gwurrbus-relay/unrouted.dsn,gwurrbus_gwurrbus-relay,A,2026-09-09T06:23:26.620724+00:00,7.42,1,919.35,919.35,0.0,0.0,0.0,80.65,0.0,0.0,80.65,186.0,0.0,0.0,771.71,0,40
PCBench/analog_esr_meter_esr_meter_rev_a/unrouted.dsn,analog_esr_meter_esr_meter_rev_a,C,2026-09-09T05:41:06.396336+00:00,46.34,1,922.95,924.66,1.71,0.0,6.85,70.21,0.0,6.85,68.49,292.0,0.0,4.0,885.15,0,51
PCBench/CubeSAT-Reaction-Wheel_Edison_Motor_Servo/unrouted.dsn,CubeSAT-Reaction-Wheel_Edison_Motor_Servo,A,2026-09-09T06:21:32.600599+00:00,0.59,1,929.69,929.69,0.0,0.0,0.0,70.31,0.0,0.0,70.31,64.0,0.0,0.0,137.16,0,5
PCBench/AVR-ISP_pogo-plug_1.27mm_AVR-ISP_pogo-plug_1.27mm/unrouted.dsn,AVR-ISP_pogo-plug_1.27mm_AVR-ISP_pogo-plug_1.27mm,B,2026-09-09T06:01:19.318291+00:00,3.02,1,863.19,930.56,67.36,74.31,27.78,34.72,0.0,27.78,41.67,72.0,0.0,14.0,49.12,0,10
PCBench/APC_AtariPunkConsole/unrouted.dsn,APC_AtariPunkConsole,B,2026-09-09T05:47:47.629678+00:00,9.34,1,917.76,930.92,13.16,0.0,26.32,55.92,0.0,13.16,55.92,152.0,0.0,0.0,511.53,0,33
PCBench/avr_frs_shield_avr_frs/unrouted.dsn,avr_frs_shield_avr_frs,B,2026-09-09T06:01:41.012700+00:00,9.31,1,936.48,936.48,0.0,0.0,0.0,63.52,0.0,0.0,63.52,244.0,0.0,0.0,743.63,0,39
PCBench/I2CTempsensor_sensors/unrouted.dsn,I2CTempsensor_sensors,A,2026-09-09T06:24:13.093970+00:00,1.59,1,937.5,937.5,0.0,0.0,0.0,62.5,0.0,0.0,62.5,48.0,0.0,0.0,144.1,0,15
PCBench/esp12-breakout_ESP12Breakout/unrouted.dsn,esp12-breakout_ESP12Breakout,A,2026-09-09T06:22:09.069856+00:00,3.94,1,901.04,937.5,36.46,0.0,0.0,98.96,0.0,0.0,62.5,96.0,0.0,0.0,211.37,0,23
PCBench/analog_esr_meter_esr_meter_rev_b/unrouted.dsn,analog_esr_meter_esr_meter_rev_b,C,2026-09-09T05:42:25.478293+00:00,57.94,1,931.53,942.68,11.15,0.0,6.37,62.1,0.0,0.0,57.32,314.0,0.0,16.0,894.74,0,47
PCBench/hackaday_esp-14_power_meter__autosave-esp-14/unrouted.dsn,hackaday_esp-14_power_meter__autosave-esp-14,A,2026-09-09T06:23:30.172064+00:00,4.0,2,943.18,943.18,0.0,0.0,45.45,11.36,0.0,45.45,11.36,88.0,0.0,0.0,181.58,0,22
PCBench/scimpy_powersupply/unrouted.dsn,scimpy_powersupply,A,2026-09-09T06:30:29.450104+00:00,1.0,1,943.18,943.18,0.0,0.0,0.0,56.82,0.0,0.0,56.82,44.0,0.0,0.0,265.5,0,15
PCBench/kitspace_Potentiometer_mount_8LED/unrouted.dsn,kitspace_Potentiometer_mount_8LED,A,2026-09-09T06:26:27.588323+00:00,0.44,1,943.75,943.75,0.0,0.0,0.0,56.25,0.0,0.0,56.25,80.0,0.0,0.0,394.56,0,8
PCBench/DaWeather---Project__autosave-CarteDaWeather/unrouted.dsn,DaWeather---Project__autosave-CarteDaWeather,A,2026-09-09T06:21:30.153863+00:00,3.95,1,938.36,945.21,6.85,0.0,0.0,61.64,0.0,0.0,54.79,146.0,0.0,0.0,651.51,0,27
PCBench/PsuFanController_FanController/unrouted.dsn,PsuFanController_FanController,A,2026-09-09T06:29:31.422971+00:00,1.67,1,945.31,945.31,0.0,0.0,0.0,54.69,0.0,0.0,54.69,64.0,0.0,0.0,172.72,0,11
PCBench/WeatherSpot_vreg_pressure/unrouted.dsn,WeatherSpot_vreg_pressure,A,2026-09-09T06:32:15.601562+00:00,0.8,1,849.08,947.37,98.29,45.65,105.26,0.0,0.0,52.63,0.0,38.0,0.0,0.0,56.73,0,9
PCBench/esp8266-12f-board_esp8266/unrouted.dsn,esp8266-12f-board_esp8266,A,2026-09-09T06:22:32.883898+00:00,16.16,1,926.06,950.7,24.65,0.0,56.34,17.61,0.0,28.17,21.13,142.0,0.0,0.0,293.86,0,40
PCBench/kitspace_hum_temp_sensor/unrouted.dsn,kitspace_hum_temp_sensor,A,2026-09-09T06:26:11.031664+00:00,0.77,1,953.12,953.12,0.0,0.0,0.0,46.88,0.0,0.0,46.88,32.0,0.0,0.0,107.12,0,9
PCBench/kitspace_tt_opt101_module_b1/unrouted.dsn,kitspace_tt_opt101_module_b1,A,2026-09-09T06:26:37.364354+00:00,0.28,1,953.12,953.12,0.0,0.0,0.0,46.88,0.0,0.0,46.88,32.0,0.0,0.0,63.66,0,5
PCBench/atmegax8-protoboard_atmegax8-protoboard/unrouted.dsn,atmegax8-protoboard_atmegax8-protoboard,B,2026-09-09T05:54:05.475548+00:00,5.22,1,953.57,953.57,0.0,0.0,0.0,46.43,0.0,0.0,46.43,140.0,0.0,56.0,340.4,0,11
PCBench/Baofeng-Interface_BaofengInterface/unrouted.dsn,Baofeng-Interface_BaofengInterface,B,2026-09-09T06:04:38.511591+00:00,24.5,1,951.15,954.02,2.87,0.0,0.0,48.85,0.0,0.0,45.98,174.0,0.0,4.0,291.51,0,40
PCBench/HES-V2__autosave-hes/unrouted.dsn,HES-V2__autosave-hes,A,2026-09-09T06:23:56.627623+00:00,3.09,1,957.14,957.14,0.0,0.0,0.0,42.86,0.0,0.0,42.86,140.0,0.0,0.0,502.02,0,17
PCBench/HES-V2_hes/unrouted.dsn,HES-V2_hes,A,2026-09-09T06:24:00.635571+00:00,3.86,1,957.14,957.14,0.0,0.0,0.0,42.86,0.0,0.0,42.86,140.0,0.0,0.0,502.02,0,17
PCBench/kitspace_ir_sensor/unrouted.dsn,kitspace_ir_sensor,A,2026-09-09T06:26:17.006101+00:00,0.42,1,937.5,958.33,20.83,0.0,0.0,62.5,0.0,0.0,41.67,24.0,0.0,0.0,246.02,0,6
PCBench/BML-Badges_BML-Badges/unrouted.dsn,BML-Badges_BML-Badges,A,2026-09-09T06:20:13.722348+00:00,3.7,1,959.3,959.3,0.0,0.0,0.0,40.7,0.0,0.0,40.7,86.0,0.0,0.0,495.46,0,20
PCBench/cap-soil-moisture-v2_soil-moisture2x4/unrouted.dsn,cap-soil-moisture-v2_soil-moisture2x4,A,2026-09-09T06:21:07.625449+00:00,4.94,1,960.94,960.94,0.0,0.0,0.0,39.06,0.0,0.0,39.06,128.0,0.0,0.0,341.74,0,22
PCBench/kitspace_cseduinov4/unrouted.dsn,kitspace_cseduinov4,A,2026-09-09T06:26:04.270286+00:00,7.78,1,960.0,962.5,2.5,0.0,0.0,40.0,0.0,0.0,37.5,200.0,0.0,0.0,547.29,0,24
PCBench/Cherry-Mx-Bitboard_Cherry Mx Bitboard/unrouted.dsn,Cherry-Mx-Bitboard_Cherry Mx Bitboard,A,2026-09-09T06:21:01.280653+00:00,0.45,1,964.29,964.29,0.0,0.0,0.0,35.71,0.0,0.0,35.71,28.0,0.0,0.0,76.2,0,5
PCBench/hardware-designs_m-trigger/unrouted.dsn,hardware-designs_m-trigger,A,2026-09-09T06:23:35.004780+00:00,0.31,1,967.39,967.39,0.0,0.0,0.0,32.61,0.0,0.0,32.61,46.0,0.0,0.0,114.3,0,7
PCBench/m2-electronics_m2pogo/unrouted.dsn,m2-electronics_m2pogo,A,2026-09-09T06:26:44.640776+00:00,0.17,1,968.75,968.75,0.0,0.0,0.0,31.25,0.0,0.0,31.25,16.0,0.0,0.0,57.51,0,4
PCBench/Baofeng-Interface_BaofengInterfaceIsolated/unrouted.dsn,Baofeng-Interface_BaofengInterfaceIsolated,C,2026-09-09T06:05:18.909069+00:00,91.17,1,968.39,969.83,1.44,0.0,0.0,31.61,0.0,0.0,30.17,348.0,0.0,0.0,725.68,0,98
PCBench/LoLin_Designs_LoLin/unrouted.dsn,LoLin_Designs_LoLin,A,2026-09-09T06:26:59.602092+00:00,1.22,1,977.27,977.27,0.0,0.0,0.0,22.73,0.0,0.0,22.73,88.0,0.0,0.0,254.19,0,13
PCBench/kicad-guitar-preamp_Preamp-Instructables/unrouted.dsn,kicad-guitar-preamp_Preamp-Instructables,A,2026-09-09T06:24:41.012413+00:00,1.11,1,967.39,978.26,10.87,0.0,0.0,32.61,0.0,0.0,21.74,46.0,0.0,0.0,157.84,0,7
PCBench/AVR-Playground_hello_world/unrouted.dsn,AVR-Playground_hello_world,B,2026-09-09T06:01:32.074321+00:00,0.05,1,980.26,980.26,0.0,0.0,0.0,19.74,0.0,0.0,19.74,76.0,1.0,0.0,126.49,0,3
PCBench/SmartLaserCO2-PCB_OptAdjust/unrouted.dsn,SmartLaserCO2-PCB_OptAdjust,A,2026-09-09T06:30:44.013775+00:00,0.31,1,982.14,982.14,0.0,0.0,0.0,17.86,0.0,0.0,17.86,28.0,0.0,0.0,97.8,0,5
PCBench/ID-FIX_scanConnect/unrouted.dsn,ID-FIX_scanConnect,A,2026-09-09T06:24:14.067942+00:00,0.37,1,989.58,989.58,0.0,0.0,0.0,10.42,0.0,0.0,10.42,48.0,0.0,0.0,55.12,0,6
PCBench/BB-PWR-8113_BB-PWR-8113_revA/unrouted.dsn,BB-PWR-8113_BB-PWR-8113_revA,B,2026-09-09T06:06:41.414731+00:00,1.66,1,994.32,994.32,0.0,0.0,0.0,5.68,0.0,0.0,5.68,88.0,1.0,15.0,112.68,0,30
PCBench/LaundryMeasure_ac-ac/unrouted.dsn,LaundryMeasure_ac-ac,A,2026-09-09T06:26:38.231396+00:00,0.2,1,1000.0,1000.0,0.0,0.0,0.0,0.0,0.0,0.0,0.0,32.0,0.0,0.0,53.82,0,5
PCBench/PCB_constant_current_ac_hv/unrouted.dsn,PCB_constant_current_ac_hv,A,2026-09-09T06:28:27.628652+00:00,0.59,1,928.57,1000.0,71.43,0.0,71.43,0.0,0.0,0.0,0.0,28.0,0.0,0.0,140.73,0,6
PCBench/PCB_serie_led_strip/unrouted.dsn,PCB_serie_led_strip,A,2026-09-09T06:28:26.651419+00:00,0.41,1,1000.0,1000.0,0.0,0.0,0.0,0.0,0.0,0.0,0.0,44.0,0.0,0.0,39.06,0,0
PCBench/Practicas-Curso-Kicad_PRY_EJ1/unrouted.dsn,Practicas-Curso-Kicad_PRY_EJ1,A,2026-09-09T06:29:00.222055+00:00,0.27,1,1000.0,1000.0,0.0,0.0,0.0,0.0,0.0,0.0,0.0,26.0,0.0,0.0,55.8,0,4
PCBench/SmartLaserCO2-PCB_LaserPointer/unrouted.dsn,SmartLaserCO2-PCB_LaserPointer,A,2026-09-09T06:30:29.757661+00:00,0.14,1,1000.0,1000.0,0.0,0.0,0.0,0.0,0.0,0.0,0.0,14.0,0.0,0.0,54.96,0,2
PCBench/hardware-designs_c-trigger/unrouted.dsn,hardware-designs_c-trigger,A,2026-09-09T06:23:15.423307+00:00,0.39,1,1000.0,1000.0,0.0,0.0,0.0,0.0,0.0,0.0,0.0,42.0,0.0,0.0,93.61,0,7
PCBench/kitspace_grove_adaptor/unrouted.dsn,kitspace_grove_adaptor,A,2026-09-09T06:25:57.165411+00:00,0.16,1,1000.0,1000.0,0.0,0.0,0.0,0.0,0.0,0.0,0.0,16.0,0.0,0.0,18.0,0,3
