relative_path,board,tier,run_at,score_before,score_before_linear,score_after,score_after_linear,score_after_wd1,delta,u_before,u_after,c_after,d_after,d_after_wd1,raw_after,D,incomplete_after,connections,open_frac_before,open_frac_after,drc_after,viol_um_after
PCBench/ArduinoDueClone_ATSAM3X8EA/unrouted.dsn,ArduinoDueClone_ATSAM3X8EA,B,2026-09-09T05:54:50.671994+00:00,0.0,429.2,168.14,584.07,168.14,168.14,1000.0,831.858,0.0,0.0,0.0,168.142,73.09,94.0,226.0,0.5708,0.4159,0.0,0.0
PCBench/Aleste-520EX_aleste/unrouted.dsn,Aleste-520EX_aleste,D,2026-09-09T07:14:57.839279+00:00,0.0,0.0,197.05,552.02,271.12,197.05,1000.0,709.951,18.682,74.319,0.248,197.047,293.06,585.0,1648.0,0.983,0.355,219.0,72600.0
PCBench/Biscay_Blueeye_sipm-fpga/unrouted.dsn,Biscay_Blueeye_sipm-fpga,B,2026-09-08T21:24:56.654445+00:00,253.33,626.67,253.33,626.67,253.33,0.0,746.667,746.667,0.0,0.0,0.0,253.333,48.9,56.0,150.0,0.3733,0.3733,0.0,0.0
PCBench/autohat-board_usd-adapter/unrouted.dsn,autohat-board_usd-adapter,B,2026-09-09T05:55:58.895440+00:00,0.0,125.0,500.0,750.0,500.0,500.0,1000.0,500.0,0.0,0.0,0.0,500.0,21.43,2.0,8.0,0.875,0.25,0.0,0.0
PCBench/AVR-Playground_hello_world/unrouted.dsn,AVR-Playground_hello_world,B,2026-09-09T06:01:32.074321+00:00,0.0,0.0,600.0,800.0,600.0,600.0,1000.0,400.0,0.0,0.0,0.0,600.0,22.3,1.0,5.0,1.0,0.2,0.0,0.0
PCBench/Aria_Aria/unrouted.dsn,Aria_Aria,C,2026-09-09T06:06:00.528070+00:00,385.01,688.42,615.78,803.81,620.5,230.77,606.838,376.068,3.412,4.745,0.016,615.775,73.28,44.0,234.0,0.3034,0.188,10.0,1159.01
PCBench/antdroid-board_antdroid-board/unrouted.dsn,antdroid-board_antdroid-board,B,2026-09-09T05:49:00.446005+00:00,0.0,208.63,683.45,841.73,683.45,683.45,1000.0,316.547,0.0,0.0,0.0,683.453,31.56,22.0,139.0,0.7914,0.1583,0.0,0.0
PCBench/arduino-led-driver_arduino-led-driver/unrouted.dsn,arduino-led-driver_arduino-led-driver,B,2026-09-09T05:53:24.260960+00:00,417.27,708.63,741.01,870.5,741.01,323.74,582.734,258.993,0.0,0.0,0.0,741.007,73.73,36.0,278.0,0.2914,0.1295,0.0,0.0
PCBench/ATMEGA328-Motor-Board_ATMEGA328_Motor_Board/unrouted.dsn,ATMEGA328-Motor-Board_ATMEGA328_Motor_Board,C,2026-09-09T06:08:59.092434+00:00,0.0,383.28,795.14,851.48,859.08,795.14,1000.0,112.676,28.031,64.15,0.214,795.142,110.59,28.0,497.0,0.5252,0.0563,124.0,23648.0
PCBench/blinky-badge_blinky/unrouted.dsn,blinky-badge_blinky,B,2026-09-08T21:29:31.538682+00:00,518.82,667.75,816.69,816.69,885.2,297.87,297.872,0.0,114.569,68.741,0.229,816.69,35.35,0.0,94.0,0.1489,0.0,162.0,8100.0
PCBench/74Logic_SA_ADC_SA-ADC/unrouted.dsn,74Logic_SA_ADC_SA-ADC,C,2026-09-09T06:55:06.814039+00:00,274.04,628.95,818.69,901.27,827.46,544.64,709.821,165.179,7.335,8.802,0.029,818.685,109.07,37.0,448.0,0.3549,0.0826,32.0,3200.0
PCBench/ABOVISP_ABOVISP/unrouted.dsn,ABOVISP_ABOVISP,B,2026-09-09T05:34:37.386613+00:00,48.32,467.68,822.52,854.78,882.61,774.19,838.71,64.516,52.669,60.298,0.201,822.517,28.48,1.0,31.0,0.4194,0.0323,60.0,5724.29
PCBench/BeaconBuddy_BeaconBuddy/unrouted.dsn,BeaconBuddy_BeaconBuddy,B,2026-09-08T21:25:00.399335+00:00,0.0,396.15,863.54,868.97,927.0,863.54,956.522,10.87,61.918,63.674,0.212,863.539,56.93,1.0,184.0,0.4783,0.0054,141.0,12083.11
PCBench/akuhei_akuhei/unrouted.dsn,akuhei_akuhei,B,2026-09-09T05:40:07.255982+00:00,0.0,444.44,888.89,944.44,888.89,888.89,1000.0,111.111,0.0,0.0,0.0,888.889,28.97,2.0,36.0,0.5556,0.0556,0.0,0.0
PCBench/96boards-sensors_Sensors/unrouted.dsn,96boards-sensors_Sensors,B,2026-09-09T06:44:55.116883+00:00,0.0,397.11,898.92,949.46,898.92,898.92,1000.0,101.083,0.0,0.0,0.0,898.917,76.28,14.0,277.0,0.6029,0.0505,0.0,0.0
PCBench/BB-PWR-8113_BB-PWR-8113_revA/unrouted.dsn,BB-PWR-8113_BB-PWR-8113_revA,B,2026-09-09T06:06:41.414731+00:00,204.48,586.83,910.36,939.77,926.93,705.88,764.706,58.824,14.194,16.62,0.055,910.363,26.42,1.0,34.0,0.3824,0.0294,15.0,1463.66
PCBench/Atmel-ICE-Header-Adapter_ice header adapter pcb/unrouted.dsn,Atmel-ICE-Header-Adapter_ice header adapter pcb,B,2026-09-09T05:55:17.754240+00:00,0.0,0.0,915.49,957.75,915.49,915.49,1000.0,84.507,0.0,0.0,0.0,915.493,31.14,3.0,71.0,1.0,0.0423,0.0,0.0
PCBench/59pct_keyboard/unrouted.dsn,59pct_keyboard,C,2026-09-09T05:39:44.489650+00:00,0.0,310.35,924.73,937.8,960.62,924.73,1000.0,26.144,13.118,36.013,0.12,924.725,76.23,4.0,306.0,0.6405,0.0131,40.0,9150.84
PCBench/Arduino-Theremin_arduino-theremin-v1/unrouted.dsn,Arduino-Theremin_arduino-theremin-v1,B,2026-09-09T05:48:42.607409+00:00,0.0,0.0,925.93,962.96,925.93,925.93,1000.0,74.074,0.0,0.0,0.0,925.926,25.33,1.0,27.0,1.0,0.037,0.0,0.0
PCBench/badge2015_badge2015/unrouted.dsn,badge2015_badge2015,B,2026-09-09T06:06:09.365861+00:00,0.0,357.8,926.61,963.3,926.61,926.61,1000.0,73.394,0.0,0.0,0.0,926.606,42.77,4.0,109.0,0.6422,0.0367,0.0,0.0
PCBench/Biscay_Blueeye_sipm-comp/unrouted.dsn,Biscay_Blueeye_sipm-comp,B,2026-09-08T21:28:31.007220+00:00,192.12,596.06,931.03,965.52,931.03,738.92,807.882,68.966,0.0,0.0,0.0,931.034,61.54,7.0,203.0,0.4039,0.0345,0.0,0.0
PCBench/APM-RPi-Shield_APM-RPi-Shield/unrouted.dsn,APM-RPi-Shield_APM-RPi-Shield,B,2026-09-09T05:50:40.162155+00:00,0.0,333.07,933.07,965.07,933.93,933.07,1000.0,64.0,2.064,0.865,0.003,933.071,48.44,4.0,125.0,0.664,0.032,4.0,139.62
PCBench/4_digit_hex_display_4_digit_display/unrouted.dsn,4_digit_hex_display_4_digit_display,C,2026-09-09T06:45:13.469229+00:00,0.0,425.93,944.44,972.22,944.44,944.44,1000.0,55.556,0.0,0.0,0.0,944.444,48.31,3.0,108.0,0.5741,0.0278,0.0,0.0
PCBench/arf154_arf154/unrouted.dsn,arf154_arf154,B,2026-09-09T06:47:32.999763+00:00,307.67,626.35,945.03,945.03,946.63,637.36,637.363,0.0,53.368,1.603,0.005,945.029,57.15,0.0,91.0,0.3187,0.0,122.0,305.28
PCBench/BB-PWR-3608_BB-PWR-3608_revA/unrouted.dsn,BB-PWR-3608_BB-PWR-3608_revA,B,2026-09-09T06:06:22.301011+00:00,485.03,715.8,946.57,946.57,982.82,461.54,461.538,0.0,17.061,36.368,0.121,946.571,24.91,0.0,26.0,0.2308,0.0,17.0,3019.74
PCBench/ATtiny461Breakout_ATTiny461DevBoard/unrouted.dsn,ATtiny461Breakout_ATTiny461DevBoard,B,2026-09-09T05:55:24.219817+00:00,473.68,736.84,947.37,973.68,947.37,473.68,526.316,52.632,0.0,0.0,0.0,947.368,27.98,1.0,38.0,0.2632,0.0263,0.0,0.0
PCBench/atmegax8-protoboard_atmegax8-protoboard/unrouted.dsn,atmegax8-protoboard_atmegax8-protoboard,B,2026-09-09T05:54:05.475548+00:00,0.0,0.0,951.37,951.37,952.46,951.37,1000.0,0.0,47.538,1.088,0.004,951.374,29.45,0.0,42.0,1.0,0.0,56.0,106.81
PCBench/BB-PWR-8009_BB-PWR-8009_revA/unrouted.dsn,BB-PWR-8009_BB-PWR-8009_revA,B,2026-09-09T06:06:31.126873+00:00,603.88,777.79,951.71,951.71,981.28,347.83,347.826,0.0,18.626,29.667,0.099,951.708,24.16,0.0,23.0,0.1739,0.0,18.0,2389.15
PCBench/beer-gauge_beer-gauge/unrouted.dsn,beer-gauge_beer-gauge,B,2026-09-09T06:50:46.015259+00:00,100.68,546.83,951.96,972.47,953.24,851.28,892.308,41.026,5.731,1.285,0.004,951.958,109.05,4.0,195.0,0.4462,0.0205,25.0,466.97
PCBench/analog_esr_meter_esr_meter_rev_b/unrouted.dsn,analog_esr_meter_esr_meter_rev_b,C,2026-09-09T05:42:25.478293+00:00,0.0,63.35,956.79,956.79,989.36,956.79,1000.0,0.0,10.526,32.681,0.109,956.792,38.0,0.0,122.0,0.8934,0.0,16.0,4139.62
PCBench/bmw-ibus-bluetooth_bmw_bt_cdcemu_analog/unrouted.dsn,bmw-ibus-bluetooth_bmw_bt_cdcemu_analog,B,2026-09-08T21:30:22.585474+00:00,450.31,718.6,962.5,974.7,972.8,512.2,536.585,24.39,2.778,10.33,0.034,962.502,36.0,1.0,82.0,0.2683,0.0122,4.0,1239.62
PCBench/analogevse_AnalogEVSE/unrouted.dsn,analogevse_AnalogEVSE,B,2026-09-09T05:43:38.411312+00:00,0.0,0.0,966.14,966.14,992.45,966.14,1000.0,0.0,7.459,26.405,0.088,966.136,40.22,0.0,148.0,0.9865,0.0,12.0,3540.0
PCBench/avr-fuser-32_hvpp/unrouted.dsn,avr-fuser-32_hvpp,B,2026-09-09T06:00:53.190694+00:00,0.0,488.55,969.47,984.73,969.47,969.47,1000.0,30.534,0.0,0.0,0.0,969.466,45.38,2.0,131.0,0.5115,0.0153,0.0,0.0
PCBench/AVR-ISP_level-shifter_AVR-ISP_level-shifter/unrouted.dsn,AVR-ISP_level-shifter_AVR-ISP_level-shifter,B,2026-09-09T06:01:17.664345+00:00,121.21,560.61,969.7,984.85,969.7,848.48,878.788,30.303,0.0,0.0,0.0,969.697,32.24,1.0,66.0,0.4394,0.0152,0.0,0.0
PCBench/96boards-robomezzi_96boards-robomezzi/unrouted.dsn,96boards-robomezzi_96boards-robomezzi,C,2026-09-09T06:54:23.703615+00:00,0.0,448.81,970.09,984.27,970.62,970.09,1000.0,28.369,1.007,0.538,0.002,970.087,149.02,4.0,282.0,0.5496,0.0142,6.0,267.2
PCBench/BlueBerry-Zero_blueberry/unrouted.dsn,BlueBerry-Zero_blueberry,B,2026-09-08T21:30:22.966139+00:00,417.74,704.78,973.3,982.55,977.38,555.56,574.074,18.519,4.084,4.102,0.014,973.295,48.97,1.0,108.0,0.287,0.0093,8.0,669.61
PCBench/Biscay_Blueeye_sipm/unrouted.dsn,Biscay_Blueeye_sipm,C,2026-09-08T21:30:59.870603+00:00,483.66,741.83,973.86,986.93,973.86,490.2,516.34,26.144,0.0,0.0,0.0,973.856,80.33,4.0,306.0,0.2582,0.0131,0.0,0.0
PCBench/avr-fuser-32_adapter/unrouted.dsn,avr-fuser-32_adapter,B,2026-09-09T06:02:31.772657+00:00,0.0,25.32,974.68,987.34,974.68,974.68,1000.0,25.316,0.0,0.0,0.0,974.684,42.53,2.0,158.0,0.9747,0.0127,0.0,0.0
PCBench/battmanpi_battmanpi/unrouted.dsn,battmanpi_battmanpi,B,2026-09-09T06:07:26.472747+00:00,0.0,0.0,974.78,981.36,981.33,974.78,1000.0,13.158,5.485,6.576,0.022,974.781,54.69,1.0,152.0,1.0,0.0066,12.0,1198.82
PCBench/Avem_Hardware_Avem_demo/unrouted.dsn,Avem_Hardware_Avem_demo,B,2026-09-09T05:57:22.644075+00:00,100.0,550.0,975.0,987.5,975.0,875.0,900.0,25.0,0.0,0.0,0.0,975.0,39.18,1.0,80.0,0.45,0.0125,0.0,0.0
PCBench/AVR-ISP_pogo-plug_1.27mm_AVR-ISP_pogo-plug_1.27mm/unrouted.dsn,AVR-ISP_pogo-plug_1.27mm_AVR-ISP_pogo-plug_1.27mm,B,2026-09-09T06:01:19.318291+00:00,643.17,809.84,976.5,976.5,986.06,333.33,333.333,0.0,13.905,9.592,0.032,976.502,25.17,0.0,18.0,0.1667,0.0,14.0,804.78
PCBench/ChirpHardware_chirp/unrouted.dsn,ChirpHardware_chirp,B,2026-09-09T06:49:10.709781+00:00,356.51,676.51,976.51,986.51,977.81,620.0,640.0,20.0,2.184,1.308,0.004,976.508,68.67,1.0,100.0,0.32,0.01,6.0,299.4
PCBench/avr_ledprojector_avr_ledprojection/unrouted.dsn,avr_ledprojector_avr_ledprojection,B,2026-09-09T06:03:25.226945+00:00,588.57,794.29,977.14,988.57,977.14,388.57,411.429,22.857,0.0,0.0,0.0,977.143,63.64,2.0,175.0,0.2057,0.0114,0.0,0.0
PCBench/analog_esr_meter_esr_meter_rev_a/unrouted.dsn,analog_esr_meter_esr_meter_rev_a,C,2026-09-09T05:41:06.396336+00:00,0.0,62.47,982.83,982.83,997.19,982.83,1000.0,0.0,2.762,14.413,0.048,982.826,36.21,0.0,113.0,0.9204,0.0,4.0,1739.62
PCBench/beer-gauge_sensorboard/unrouted.dsn,beer-gauge_sensorboard,B,2026-09-09T06:08:09.858420+00:00,573.42,778.55,983.68,983.68,988.78,410.26,410.256,0.0,11.202,5.122,0.017,983.676,26.78,0.0,39.0,0.2051,0.0,12.0,457.2
PCBench/1Bitsy_1bitsy/unrouted.dsn,1Bitsy_1bitsy,B,2026-09-09T06:44:49.618560+00:00,0.0,465.13,983.88,983.88,987.62,983.88,1000.0,0.0,12.364,3.755,0.013,983.881,90.99,0.0,160.0,0.5188,0.0,45.0,1138.78
PCBench/Apple-M0110-BT_Apple M0110/unrouted.dsn,Apple-M0110-BT_Apple M0110,C,2026-09-09T05:53:00.801393+00:00,0.0,0.0,985.61,985.61,994.88,985.61,1000.0,0.0,5.088,9.305,0.031,985.608,39.31,0.0,224.0,1.0,0.0,8.0,1219.2
PCBench/audio_relay_input_switch_relay_switch/unrouted.dsn,audio_relay_input_switch_relay_switch,B,2026-09-09T05:55:31.774675+00:00,0.0,157.01,986.28,986.28,992.62,986.28,1000.0,0.0,7.36,6.357,0.021,986.283,30.57,0.0,41.0,0.8293,0.0,9.0,647.74
PCBench/blackmagic-isolated_mmp/unrouted.dsn,blackmagic-isolated_mmp,B,2026-09-08T21:28:58.352882+00:00,320.24,653.57,986.9,986.9,996.01,666.67,666.667,0.0,3.957,9.141,0.03,986.902,44.22,0.0,93.0,0.3333,0.0,7.0,1347.31
PCBench/ATmega32_ExploreUltraAvrDevKit__autosave-MCU_BaseBoard/unrouted.dsn,ATmega32_ExploreUltraAvrDevKit__autosave-MCU_BaseBoard,C,2026-09-09T06:01:20.377367+00:00,0.0,210.67,987.62,992.63,989.39,987.62,1000.0,10.025,0.583,1.776,0.006,987.616,85.79,2.0,399.0,0.787,0.005,2.0,508.0
PCBench/avr_ledprojector_avr_ledprojection-0402/unrouted.dsn,avr_ledprojector_avr_ledprojection-0402,B,2026-09-09T06:05:53.719623+00:00,544.69,771.96,987.87,993.55,987.89,443.18,454.545,11.364,0.747,0.017,0.0,987.872,66.91,1.0,176.0,0.2273,0.0057,2.0,3.81
PCBench/bee-light-measurement-matrix_bee-light-measurement-matrix/unrouted.dsn,bee-light-measurement-matrix_bee-light-measurement-matrix,B,2026-09-09T06:09:49.897667+00:00,0.0,0.0,987.88,993.94,987.88,987.88,1000.0,12.121,0.0,0.0,0.0,987.879,51.13,1.0,165.0,1.0,0.0061,0.0,0.0
PCBench/dorkyboard_keyboard/unrouted.dsn,dorkyboard_keyboard,D,2026-09-09T07:19:28.170812+00:00,0.0,356.63,987.95,993.98,987.95,987.95,1000.0,12.048,0.0,0.0,0.0,987.952,112.22,5.0,830.0,0.6434,0.006,0.0,0.0
PCBench/2d_conduction_sk9822-matrix/unrouted.dsn,2d_conduction_sk9822-matrix,B,2026-09-09T06:45:02.802296+00:00,572.19,786.1,989.3,994.65,989.3,417.11,427.807,10.695,0.0,0.0,0.0,989.305,92.07,2.0,374.0,0.2139,0.0053,0.0,0.0
PCBench/android_debug_cable_android_debug_cable/unrouted.dsn,android_debug_cable_android_debug_cable,B,2026-09-09T05:43:45.569296+00:00,18.06,503.78,989.49,989.49,993.09,971.43,971.429,0.0,6.897,3.613,0.012,989.491,29.0,0.0,35.0,0.4857,0.0,8.0,349.21
PCBench/badge2016_Badge_init/unrouted.dsn,badge2016_Badge_init,D,2026-09-09T06:04:13.654041+00:00,489.91,739.91,989.91,989.91,996.45,500.0,500.0,0.0,3.533,6.554,0.022,989.914,120.3,0.0,84.0,0.25,0.0,17.0,2627.96
PCBench/CoreOne-xCORE200-Original_CoreOne/unrouted.dsn,CoreOne-xCORE200-Original_CoreOne,D,2026-09-09T07:18:10.246393+00:00,242.59,617.59,990.14,991.37,995.26,747.55,750.0,2.451,2.269,5.139,0.017,990.14,363.54,1.0,816.0,0.375,0.0012,33.0,6227.67
PCBench/bmw-ibus-bluetooth_bmw_bt_cdcemu_digital/unrouted.dsn,bmw-ibus-bluetooth_bmw_bt_cdcemu_digital,B,2026-09-08T21:31:56.326132+00:00,558.92,774.92,990.92,990.92,998.05,432.0,432.0,0.0,1.925,7.159,0.024,990.917,51.95,0.0,125.0,0.216,0.0,4.0,1239.62
PCBench/6N137-TTL-Serial-Optoisolator_6N137-TTL-Serial-Optoisolator/unrouted.dsn,6N137-TTL-Serial-Optoisolator_6N137-TTL-Serial-Optoisolator,B,2026-09-09T05:30:47.084615+00:00,0.0,0.0,991.33,991.33,996.12,991.33,1000.0,0.0,3.867,4.803,0.016,991.33,25.86,0.0,28.0,1.0,0.0,4.0,414.0
PCBench/Blink-Eras_Blink Eras/unrouted.dsn,Blink-Eras_Blink Eras,B,2026-09-08T21:28:14.892496+00:00,153.52,572.87,992.23,992.23,994.66,838.71,838.71,0.0,5.334,2.439,0.008,992.227,28.12,0.0,31.0,0.4194,0.0,6.0,228.6
PCBench/8088_sbc2_pcb_8088_sbc2/unrouted.dsn,8088_sbc2_pcb_8088_sbc2,C,2026-09-09T06:46:22.301787+00:00,0.0,28.99,992.4,995.45,993.22,992.4,1000.0,6.098,0.683,0.819,0.003,992.401,73.23,1.0,328.0,0.9695,0.003,2.0,199.8
PCBench/autohat-board_autohat-rig/unrouted.dsn,autohat-board_autohat-rig,B,2026-09-09T06:00:44.556974+00:00,214.52,604.04,993.55,993.55,997.41,779.03,779.026,0.0,2.581,3.869,0.013,993.55,77.5,0.0,267.0,0.3895,0.0,8.0,999.61
PCBench/AmpOne_dev-AmpOne/unrouted.dsn,AmpOne_dev-AmpOne,C,2026-09-09T06:53:40.198360+00:00,21.81,510.9,993.77,996.88,993.77,971.96,978.193,6.231,0.0,0.0,0.0,993.769,71.77,1.0,321.0,0.4891,0.0031,0.0,0.0
PCBench/bikedar_bikedar/unrouted.dsn,bikedar_bikedar,B,2026-09-08T21:25:01.791745+00:00,429.23,711.84,994.45,994.45,998.0,565.22,565.217,0.0,1.983,3.57,0.012,994.447,75.63,0.0,138.0,0.2826,0.0,6.0,900.0
PCBench/Baofeng-Interface_BaofengInterface/unrouted.dsn,Baofeng-Interface_BaofengInterface,B,2026-09-09T06:04:38.511591+00:00,0.0,0.0,994.77,994.77,996.95,994.77,1000.0,0.0,3.041,2.186,0.007,994.772,32.88,0.0,76.0,1.0,0.0,4.0,239.62
PCBench/Atreus_54percent_rev/unrouted.dsn,Atreus_54percent_rev,C,2026-09-09T06:07:46.527901+00:00,0.0,111.34,995.8,997.9,995.8,995.8,1000.0,4.202,0.0,0.0,0.0,995.798,118.59,1.0,476.0,0.8887,0.0021,0.0,0.0
PCBench/balena-rover-wide-hat_resin-rover/unrouted.dsn,balena-rover-wide-hat_resin-rover,B,2026-09-09T06:09:15.469299+00:00,424.23,710.59,996.96,996.96,997.65,572.73,572.727,0.0,2.343,0.7,0.002,996.956,64.01,0.0,220.0,0.2864,0.0,6.0,149.4
PCBench/BITxo_BITxo/unrouted.dsn,BITxo_BITxo,B,2026-09-08T21:25:22.249959+00:00,314.05,655.51,996.97,996.97,998.1,682.93,682.927,0.0,1.893,1.136,0.004,996.972,26.42,0.0,41.0,0.3415,0.0,2.0,100.0
PCBench/BirdAttractor_BirdAttractor_RevA/unrouted.dsn,BirdAttractor_BirdAttractor_RevA,B,2026-09-09T06:09:16.290739+00:00,0.0,255.4,997.33,997.33,997.98,997.33,1000.0,0.0,2.014,0.655,0.002,997.331,24.83,0.0,31.0,0.7419,0.0,2.0,54.22
PCBench/a123-battery-integration_BCM/unrouted.dsn,a123-battery-integration_BCM,B,2026-09-09T06:44:10.579694+00:00,209.68,603.62,997.56,997.56,998.47,787.88,787.879,0.0,1.529,0.915,0.003,997.556,98.12,0.0,165.0,0.3939,0.0,6.0,299.4
PCBench/1-Wire-Wing-pcb_1-Wire_Wing/unrouted.dsn,1-Wire-Wing-pcb_1-Wire_Wing,B,2026-09-09T06:40:37.215985+00:00,41.67,520.83,1000.0,1000.0,1000.0,958.33,958.333,0.0,0.0,0.0,0.0,1000.0,31.5,0.0,48.0,0.4792,0.0,0.0,0.0
PCBench/16x12-bits-I2C_I2C_Servo/unrouted.dsn,16x12-bits-I2C_I2C_Servo,B,2026-09-09T05:30:15.068636+00:00,0.0,303.57,1000.0,1000.0,1000.0,1000.0,1000.0,0.0,0.0,0.0,0.0,1000.0,41.44,0.0,112.0,0.6964,0.0,0.0,0.0
PCBench/4-port-usb-hub_4port-usb-hub/unrouted.dsn,4-port-usb-hub_4port-usb-hub,B,2026-09-09T05:30:57.401016+00:00,0.0,469.03,1000.0,1000.0,1000.0,1000.0,1000.0,0.0,0.0,0.0,0.0,1000.0,40.09,0.0,113.0,0.531,0.0,0.0,0.0
PCBench/4N35-TTL-Serial-Optoisolator_4N35-TTL-Serial-Optoisolator/unrouted.dsn,4N35-TTL-Serial-Optoisolator_4N35-TTL-Serial-Optoisolator,A,2026-09-09T06:19:37.638660+00:00,0.0,0.0,1000.0,1000.0,1000.0,1000.0,1000.0,0.0,0.0,0.0,0.0,1000.0,24.56,0.0,20.0,1.0,0.0,0.0,0.0
PCBench/655_testboard/unrouted.dsn,655_testboard,B,2026-09-09T05:31:01.120984+00:00,0.0,350.88,1000.0,1000.0,1000.0,1000.0,1000.0,0.0,0.0,0.0,0.0,1000.0,33.34,0.0,57.0,0.6491,0.0,0.0,0.0
PCBench/6volt-5W-solar-cc_6vleadacidsolar/unrouted.dsn,6volt-5W-solar-cc_6vleadacidsolar,B,2026-09-09T05:34:23.836307+00:00,454.55,727.27,1000.0,1000.0,1000.0,545.45,545.455,0.0,0.0,0.0,0.0,1000.0,40.8,0.0,121.0,0.2727,0.0,0.0,0.0
PCBench/ADC-DAC-16bit_ADC-DAC-16bit/unrouted.dsn,ADC-DAC-16bit_ADC-DAC-16bit,A,2026-09-09T06:20:14.030612+00:00,444.44,722.22,1000.0,1000.0,1000.0,555.56,555.556,0.0,0.0,0.0,0.0,1000.0,26.56,0.0,36.0,0.2778,0.0,0.0,0.0
PCBench/ADC-PCM4202-SE_ADC-PCM4202-SE/unrouted.dsn,ADC-PCM4202-SE_ADC-PCM4202-SE,C,2026-09-09T05:53:26.462410+00:00,597.16,798.58,1000.0,1000.0,1000.0,402.84,402.844,0.0,0.0,0.0,0.0,1000.0,90.24,0.0,422.0,0.2014,0.0,0.0,0.0
PCBench/ADC-PCM4202_ADC-PCM4202/unrouted.dsn,ADC-PCM4202_ADC-PCM4202,C,2026-09-09T06:59:28.567184+00:00,504.59,752.29,1000.0,1000.0,1000.0,495.41,495.413,0.0,0.0,0.0,0.0,1000.0,94.78,0.0,436.0,0.2477,0.0,0.0,0.0
PCBench/APC_AtariPunkConsole/unrouted.dsn,APC_AtariPunkConsole,B,2026-09-09T05:47:47.629678+00:00,0.0,76.92,1000.0,1000.0,1000.0,1000.0,1000.0,0.0,0.0,0.0,0.0,1000.0,26.85,0.0,52.0,0.9231,0.0,0.0,0.0
PCBench/AS5043-Encoder_sensor-board/unrouted.dsn,AS5043-Encoder_sensor-board,A,2026-09-09T06:19:44.997494+00:00,200.0,600.0,1000.0,1000.0,1000.0,800.0,800.0,0.0,0.0,0.0,0.0,1000.0,26.39,0.0,30.0,0.4,0.0,0.0,0.0
PCBench/ATmega32_ExploreUltraAvrDevKit_40pin_AVRMCU/unrouted.dsn,ATmega32_ExploreUltraAvrDevKit_40pin_AVRMCU,A,2026-09-09T06:20:01.607510+00:00,0.0,175.0,1000.0,1000.0,1000.0,1000.0,1000.0,0.0,0.0,0.0,0.0,1000.0,35.93,0.0,80.0,0.825,0.0,0.0,0.0
PCBench/AVR-ZIF-Programmer_AVR-ZIF-Prog/unrouted.dsn,AVR-ZIF-Programmer_AVR-ZIF-Prog,B,2026-09-09T06:02:13.555127+00:00,0.0,264.37,1000.0,1000.0,1000.0,1000.0,1000.0,0.0,0.0,0.0,0.0,1000.0,32.8,0.0,87.0,0.7356,0.0,0.0,0.0
PCBench/Amiga-A1012-PCB_Amiga-A1012/unrouted.dsn,Amiga-A1012-PCB_Amiga-A1012,B,2026-09-09T05:42:18.308112+00:00,0.0,494.85,1000.0,1000.0,1000.0,1000.0,1000.0,0.0,0.0,0.0,0.0,1000.0,35.85,0.0,97.0,0.5052,0.0,0.0,0.0
PCBench/AnalogThermometer_AnalogThermometer/unrouted.dsn,AnalogThermometer_AnalogThermometer,A,2026-09-09T06:19:26.365973+00:00,485.71,742.86,1000.0,1000.0,1000.0,514.29,514.286,0.0,0.0,0.0,0.0,1000.0,26.88,0.0,35.0,0.2571,0.0,0.0,0.0
PCBench/Arduino_Lipo_Storage_Discharger_Lipo_Storage_Discharger/unrouted.dsn,Arduino_Lipo_Storage_Discharger_Lipo_Storage_Discharger,B,2026-09-09T05:49:57.507487+00:00,0.0,430.56,1000.0,1000.0,1000.0,1000.0,1000.0,0.0,0.0,0.0,0.0,1000.0,33.5,0.0,72.0,0.5694,0.0,0.0,0.0
PCBench/AzizLight_AzizLight/unrouted.dsn,AzizLight_AzizLight,B,2026-09-09T06:03:53.956035+00:00,411.76,705.88,1000.0,1000.0,1000.0,588.24,588.235,0.0,0.0,0.0,0.0,1000.0,38.15,0.0,102.0,0.2941,0.0,0.0,0.0
PCBench/BGM111-External-Programmer_BGM111_Programmer/unrouted.dsn,BGM111-External-Programmer_BGM111_Programmer,A,2026-09-09T06:20:07.216083+00:00,250.0,625.0,1000.0,1000.0,1000.0,750.0,750.0,0.0,0.0,0.0,0.0,1000.0,26.49,0.0,16.0,0.375,0.0,0.0,0.0
PCBench/BML-Badges_BML-Badges/unrouted.dsn,BML-Badges_BML-Badges,A,2026-09-09T06:20:13.722348+00:00,0.0,0.0,1000.0,1000.0,1000.0,1000.0,1000.0,0.0,0.0,0.0,0.0,1000.0,22.01,0.0,32.0,1.0,0.0,0.0,0.0
PCBench/BML-Badges_BML_01/unrouted.dsn,BML-Badges_BML_01,A,2026-09-09T06:20:17.070974+00:00,0.0,0.0,1000.0,1000.0,1000.0,1000.0,1000.0,0.0,0.0,0.0,0.0,1000.0,24.0,0.0,30.0,1.0,0.0,0.0,0.0
PCBench/Baofeng-Interface_BaofengInterfaceIsolated/unrouted.dsn,Baofeng-Interface_BaofengInterfaceIsolated,C,2026-09-09T06:05:18.909069+00:00,0.0,0.0,1000.0,1000.0,1000.0,1000.0,1000.0,0.0,0.0,0.0,0.0,1000.0,45.52,0.0,154.0,1.0,0.0,0.0,0.0
PCBench/BirdAttractor_BirdAttractor_RevC/unrouted.dsn,BirdAttractor_BirdAttractor_RevC,B,2026-09-08T21:25:04.333174+00:00,72.16,536.08,1000.0,1000.0,1000.0,927.84,927.835,0.0,0.0,0.0,0.0,1000.0,38.1,0.0,97.0,0.4639,0.0,0.0,0.0
PCBench/BirthdayCakeKeyboard_10Key/unrouted.dsn,BirthdayCakeKeyboard_10Key,B,2026-09-08T21:27:12.432703+00:00,0.0,240.84,1000.0,1000.0,1000.0,1000.0,1000.0,0.0,0.0,0.0,0.0,1000.0,54.15,0.0,191.0,0.7592,0.0,0.0,0.0
PCBench/Biscay_Blueeye_mcu/unrouted.dsn,Biscay_Blueeye_mcu,A,2026-09-09T06:20:54.421656+00:00,0.0,421.88,1000.0,1000.0,1000.0,1000.0,1000.0,0.0,0.0,0.0,0.0,1000.0,32.54,0.0,64.0,0.5781,0.0,0.0,0.0
PCBench/Blink-Eras_AVR_ISP_Pogo/unrouted.dsn,Blink-Eras_AVR_ISP_Pogo,A,2026-09-09T06:19:53.689393+00:00,0.0,0.0,1000.0,1000.0,1000.0,1000.0,1000.0,0.0,0.0,0.0,0.0,1000.0,21.04,0.0,6.0,1.0,0.0,0.0,0.0
PCBench/C-BISCUIT_crowbar/unrouted.dsn,C-BISCUIT_crowbar,A,2026-09-09T06:20:57.825376+00:00,333.33,666.67,1000.0,1000.0,1000.0,666.67,666.667,0.0,0.0,0.0,0.0,1000.0,22.88,0.0,18.0,0.3333,0.0,0.0,0.0
PCBench/CAL430FR_CAL430F_watch/unrouted.dsn,CAL430FR_CAL430F_watch,A,2026-09-09T06:21:08.271203+00:00,0.0,409.09,1000.0,1000.0,1000.0,1000.0,1000.0,0.0,0.0,0.0,0.0,1000.0,24.28,0.0,22.0,0.5909,0.0,0.0,0.0
PCBench/Camera-Modules_LG-G2-G3-13M-Breakout/unrouted.dsn,Camera-Modules_LG-G2-G3-13M-Breakout,A,2026-09-09T06:21:26.494945+00:00,0.0,275.0,1000.0,1000.0,1000.0,1000.0,1000.0,0.0,0.0,0.0,0.0,1000.0,25.71,0.0,40.0,0.725,0.0,0.0,0.0
PCBench/Cherry-Mx-Bitboard_Cherry Mx Bitboard/unrouted.dsn,Cherry-Mx-Bitboard_Cherry Mx Bitboard,A,2026-09-09T06:21:01.280653+00:00,0.0,0.0,1000.0,1000.0,1000.0,1000.0,1000.0,0.0,0.0,0.0,0.0,1000.0,21.42,0.0,11.0,1.0,0.0,0.0,0.0
PCBench/CubeSAT-Reaction-Wheel_Edison_Motor_Servo/unrouted.dsn,CubeSAT-Reaction-Wheel_Edison_Motor_Servo,A,2026-09-09T06:21:32.600599+00:00,0.0,0.0,1000.0,1000.0,1000.0,1000.0,1000.0,0.0,0.0,0.0,0.0,1000.0,23.79,0.0,8.0,1.0,0.0,0.0,0.0
PCBench/CubeSAT-Reaction-Wheel__autosave-GPIO to motor/unrouted.dsn,CubeSAT-Reaction-Wheel__autosave-GPIO to motor,A,2026-09-09T06:21:30.500218+00:00,0.0,0.0,1000.0,1000.0,1000.0,1000.0,1000.0,0.0,0.0,0.0,0.0,1000.0,26.5,0.0,27.0,1.0,0.0,0.0,0.0
PCBench/DA_Lamp_attiny44a_servo_i2c/unrouted.dsn,DA_Lamp_attiny44a_servo_i2c,A,2026-09-09T06:21:33.997212+00:00,0.0,500.0,1000.0,1000.0,1000.0,1000.0,1000.0,0.0,0.0,0.0,0.0,1000.0,24.55,0.0,20.0,0.5,0.0,0.0,0.0
PCBench/DaWeather---Project__autosave-CarteDaWeather/unrouted.dsn,DaWeather---Project__autosave-CarteDaWeather,A,2026-09-09T06:21:30.153863+00:00,0.0,0.0,1000.0,1000.0,1000.0,1000.0,1000.0,0.0,0.0,0.0,0.0,1000.0,27.44,0.0,43.0,1.0,0.0,0.0,0.0
PCBench/DiscoDanceFloorV1_BusTerminator/unrouted.dsn,DiscoDanceFloorV1_BusTerminator,A,2026-09-09T06:21:37.306457+00:00,375.0,687.5,1000.0,1000.0,1000.0,625.0,625.0,0.0,0.0,0.0,0.0,1000.0,23.59,0.0,16.0,0.3125,0.0,0.0,0.0
PCBench/ESP-12-breakout_ESP12E-breakout/unrouted.dsn,ESP-12-breakout_ESP12E-breakout,A,2026-09-09T06:22:12.011835+00:00,428.57,714.29,1000.0,1000.0,1000.0,571.43,571.429,0.0,0.0,0.0,0.0,1000.0,29.21,0.0,42.0,0.2857,0.0,0.0,0.0
PCBench/ESP-Breakout_ESP-Breakout/unrouted.dsn,ESP-Breakout_ESP-Breakout,A,2026-09-09T06:22:24.246538+00:00,666.67,833.33,1000.0,1000.0,1000.0,333.33,333.333,0.0,0.0,0.0,0.0,1000.0,30.58,0.0,54.0,0.1667,0.0,0.0,0.0
PCBench/ESP32-Module-Breakout_ESP32S-breakout/unrouted.dsn,ESP32-Module-Breakout_ESP32S-breakout,A,2026-09-09T06:22:57.618727+00:00,0.0,173.91,1000.0,1000.0,1000.0,1000.0,1000.0,0.0,0.0,0.0,0.0,1000.0,31.68,0.0,46.0,0.8261,0.0,0.0,0.0
PCBench/ESP_WiFiSwitch_WifiSwitch/unrouted.dsn,ESP_WiFiSwitch_WifiSwitch,A,2026-09-09T06:22:59.857591+00:00,0.0,181.82,1000.0,1000.0,1000.0,1000.0,1000.0,0.0,0.0,0.0,0.0,1000.0,24.26,0.0,22.0,0.8182,0.0,0.0,0.0
PCBench/Eggbot-Spherebot-polargraph-Controller_eggbot-spherebot-polargraph-controller/unrouted.dsn,Eggbot-Spherebot-polargraph-Controller_eggbot-spherebot-polargraph-controller,A,2026-09-09T06:22:25.417178+00:00,0.0,0.0,1000.0,1000.0,1000.0,1000.0,1000.0,0.0,0.0,0.0,0.0,1000.0,30.42,0.0,57.0,1.0,0.0,0.0,0.0
PCBench/HES-V2__autosave-hes/unrouted.dsn,HES-V2__autosave-hes,A,2026-09-09T06:23:56.627623+00:00,0.0,0.0,1000.0,1000.0,1000.0,1000.0,1000.0,0.0,0.0,0.0,0.0,1000.0,24.16,0.0,36.0,1.0,0.0,0.0,0.0
PCBench/HES-V2_hes/unrouted.dsn,HES-V2_hes,A,2026-09-09T06:24:00.635571+00:00,0.0,0.0,1000.0,1000.0,1000.0,1000.0,1000.0,0.0,0.0,0.0,0.0,1000.0,24.16,0.0,36.0,1.0,0.0,0.0,0.0
PCBench/Hardware-done-with-kicad_AVRlearn/unrouted.dsn,Hardware-done-with-kicad_AVRlearn,A,2026-09-09T06:23:56.108006+00:00,0.0,280.0,1000.0,1000.0,1000.0,1000.0,1000.0,0.0,0.0,0.0,0.0,1000.0,24.28,0.0,25.0,0.72,0.0,0.0,0.0
PCBench/I2CTempsensor_sensors/unrouted.dsn,I2CTempsensor_sensors,A,2026-09-09T06:24:13.093970+00:00,0.0,0.0,1000.0,1000.0,1000.0,1000.0,1000.0,0.0,0.0,0.0,0.0,1000.0,22.91,0.0,18.0,1.0,0.0,0.0,0.0
PCBench/ID-FIX_scanConnect/unrouted.dsn,ID-FIX_scanConnect,A,2026-09-09T06:24:14.067942+00:00,0.0,0.0,1000.0,1000.0,1000.0,1000.0,1000.0,0.0,0.0,0.0,0.0,1000.0,22.06,0.0,8.0,1.0,0.0,0.0,0.0
PCBench/IGN01A_IGN01A/unrouted.dsn,IGN01A_IGN01A,A,2026-09-09T06:25:21.338387+00:00,223.88,611.94,1000.0,1000.0,1000.0,776.12,776.119,0.0,0.0,0.0,0.0,1000.0,33.03,0.0,67.0,0.3881,0.0,0.0,0.0
PCBench/Inkjet_InkjetBreakout/unrouted.dsn,Inkjet_InkjetBreakout,A,2026-09-09T06:24:33.195221+00:00,0.0,153.85,1000.0,1000.0,1000.0,1000.0,1000.0,0.0,0.0,0.0,0.0,1000.0,23.04,0.0,13.0,0.8462,0.0,0.0,0.0
PCBench/KiCad-LTC6802-2_main/unrouted.dsn,KiCad-LTC6802-2_main,A,2026-09-09T06:24:59.504030+00:00,0.0,485.71,1000.0,1000.0,1000.0,1000.0,1000.0,0.0,0.0,0.0,0.0,1000.0,29.71,0.0,35.0,0.5143,0.0,0.0,0.0
PCBench/KosselHotendBoard_KosselHotendPCB/unrouted.dsn,KosselHotendBoard_KosselHotendPCB,A,2026-09-09T06:26:57.169121+00:00,0.0,0.0,1000.0,1000.0,1000.0,1000.0,1000.0,0.0,0.0,0.0,0.0,1000.0,22.99,0.0,15.0,1.0,0.0,0.0,0.0
PCBench/LaundryMeasure_ac-ac/unrouted.dsn,LaundryMeasure_ac-ac,A,2026-09-09T06:26:38.231396+00:00,0.0,0.0,1000.0,1000.0,1000.0,1000.0,1000.0,0.0,0.0,0.0,0.0,1000.0,20.87,0.0,7.0,1.0,0.0,0.0,0.0
PCBench/LimitSwitchesPlugin_LimitSwitchesPlugin/unrouted.dsn,LimitSwitchesPlugin_LimitSwitchesPlugin,A,2026-09-09T06:26:50.250526+00:00,0.0,0.0,1000.0,1000.0,1000.0,1000.0,1000.0,0.0,0.0,0.0,0.0,1000.0,23.2,0.0,20.0,1.0,0.0,0.0,0.0
PCBench/LoLin_Designs_LoLin/unrouted.dsn,LoLin_Designs_LoLin,A,2026-09-09T06:26:59.602092+00:00,0.0,0.0,1000.0,1000.0,1000.0,1000.0,1000.0,0.0,0.0,0.0,0.0,1000.0,21.85,0.0,14.0,1.0,0.0,0.0,0.0
PCBench/MAVRIC_Hardware_ArduinoPracticeBoard/unrouted.dsn,MAVRIC_Hardware_ArduinoPracticeBoard,A,2026-09-09T06:27:54.338771+00:00,0.0,403.85,1000.0,1000.0,1000.0,1000.0,1000.0,0.0,0.0,0.0,0.0,1000.0,30.9,0.0,52.0,0.5962,0.0,0.0,0.0
PCBench/MAVRIC_Hardware_SoilBoard/unrouted.dsn,MAVRIC_Hardware_SoilBoard,A,2026-09-09T06:27:15.593076+00:00,0.0,384.62,1000.0,1000.0,1000.0,1000.0,1000.0,0.0,0.0,0.0,0.0,1000.0,27.6,0.0,39.0,0.6154,0.0,0.0,0.0
PCBench/MSGEQ7-Breakout-Board_MSGEQ7_Breakout_Board/unrouted.dsn,MSGEQ7-Breakout-Board_MSGEQ7_Breakout_Board,A,2026-09-09T06:27:29.042280+00:00,0.0,0.0,1000.0,1000.0,1000.0,1000.0,1000.0,0.0,0.0,0.0,0.0,1000.0,23.86,0.0,19.0,1.0,0.0,0.0,0.0
PCBench/NightClock_ESPBoard/unrouted.dsn,NightClock_ESPBoard,A,2026-09-09T06:28:11.109109+00:00,0.0,396.83,1000.0,1000.0,1000.0,1000.0,1000.0,0.0,0.0,0.0,0.0,1000.0,31.23,0.0,63.0,0.6032,0.0,0.0,0.0
PCBench/Omega2-mini-dock_Omega2 mini-dock/unrouted.dsn,Omega2-mini-dock_Omega2 mini-dock,A,2026-09-09T06:28:25.141901+00:00,0.0,210.53,1000.0,1000.0,1000.0,1000.0,1000.0,0.0,0.0,0.0,0.0,1000.0,34.55,0.0,76.0,0.7895,0.0,0.0,0.0
PCBench/PCB_constant_current_ac_hv/unrouted.dsn,PCB_constant_current_ac_hv,A,2026-09-09T06:28:27.628652+00:00,555.56,777.78,1000.0,1000.0,1000.0,444.44,444.444,0.0,0.0,0.0,0.0,1000.0,19.55,0.0,9.0,0.2222,0.0,0.0,0.0
PCBench/PCB_serie_led_strip/unrouted.dsn,PCB_serie_led_strip,A,2026-09-09T06:28:26.651419+00:00,1000.0,1000.0,1000.0,1000.0,1000.0,0.0,0.0,0.0,0.0,0.0,0.0,1000.0,21.99,0.0,9.0,0.0,0.0,0.0,0.0
PCBench/POV_POV/unrouted.dsn,POV_POV,A,2026-09-09T06:29:26.293000+00:00,0.0,0.0,1000.0,1000.0,1000.0,1000.0,1000.0,0.0,0.0,0.0,0.0,1000.0,23.15,0.0,20.0,1.0,0.0,0.0,0.0
PCBench/Paperino_HW_Paperino_shield/unrouted.dsn,Paperino_HW_Paperino_shield,A,2026-09-09T06:28:30.970076+00:00,0.0,27.78,1000.0,1000.0,1000.0,1000.0,1000.0,0.0,0.0,0.0,0.0,1000.0,25.95,0.0,36.0,0.9722,0.0,0.0,0.0
PCBench/Phased-Array-Microphone-using-FPGA_SateliteMicrophone/unrouted.dsn,Phased-Array-Microphone-using-FPGA_SateliteMicrophone,A,2026-09-09T06:28:48.548380+00:00,393.94,696.97,1000.0,1000.0,1000.0,606.06,606.061,0.0,0.0,0.0,0.0,1000.0,25.91,0.0,33.0,0.303,0.0,0.0,0.0
PCBench/Photodiode_dethead/unrouted.dsn,Photodiode_dethead,A,2026-09-09T06:28:43.337780+00:00,400.0,700.0,1000.0,1000.0,1000.0,600.0,600.0,0.0,0.0,0.0,0.0,1000.0,26.86,0.0,40.0,0.3,0.0,0.0,0.0
PCBench/PixyWirelessShield_Shield PIXY/unrouted.dsn,PixyWirelessShield_Shield PIXY,A,2026-09-09T06:29:05.949769+00:00,0.0,0.0,1000.0,1000.0,1000.0,1000.0,1000.0,0.0,0.0,0.0,0.0,1000.0,22.58,0.0,5.0,1.0,0.0,0.0,0.0
PCBench/PowerGloveUHID_sensor_board/unrouted.dsn,PowerGloveUHID_sensor_board,A,2026-09-09T06:29:11.217724+00:00,0.0,107.14,1000.0,1000.0,1000.0,1000.0,1000.0,0.0,0.0,0.0,0.0,1000.0,23.69,0.0,28.0,0.8929,0.0,0.0,0.0
PCBench/Practicas-Curso-Kicad_Ej2/unrouted.dsn,Practicas-Curso-Kicad_Ej2,A,2026-09-09T06:30:07.094588+00:00,0.0,318.18,1000.0,1000.0,1000.0,1000.0,1000.0,0.0,0.0,0.0,0.0,1000.0,31.6,0.0,44.0,0.6818,0.0,0.0,0.0
PCBench/Practicas-Curso-Kicad_Ejercicio2/unrouted.dsn,Practicas-Curso-Kicad_Ejercicio2,A,2026-09-09T06:29:30.225681+00:00,0.0,372.09,1000.0,1000.0,1000.0,1000.0,1000.0,0.0,0.0,0.0,0.0,1000.0,31.58,0.0,43.0,0.6279,0.0,0.0,0.0
PCBench/Practicas-Curso-Kicad_Ejercicio_2/unrouted.dsn,Practicas-Curso-Kicad_Ejercicio_2,A,2026-09-09T06:29:23.819196+00:00,0.0,363.64,1000.0,1000.0,1000.0,1000.0,1000.0,0.0,0.0,0.0,0.0,1000.0,31.6,0.0,44.0,0.6364,0.0,0.0,0.0
PCBench/Practicas-Curso-Kicad_PRY_EJ1/unrouted.dsn,Practicas-Curso-Kicad_PRY_EJ1,A,2026-09-09T06:29:00.222055+00:00,0.0,0.0,1000.0,1000.0,1000.0,1000.0,1000.0,0.0,0.0,0.0,0.0,1000.0,20.92,0.0,8.0,1.0,0.0,0.0,0.0
PCBench/Practicas-Curso-Kicad_Salguero_Federico2/unrouted.dsn,Practicas-Curso-Kicad_Salguero_Federico2,A,2026-09-09T06:29:59.033341+00:00,0.0,395.35,1000.0,1000.0,1000.0,1000.0,1000.0,0.0,0.0,0.0,0.0,1000.0,31.6,0.0,43.0,0.6047,0.0,0.0,0.0
PCBench/PsuFanController_FanController/unrouted.dsn,PsuFanController_FanController,A,2026-09-09T06:29:31.422971+00:00,0.0,0.0,1000.0,1000.0,1000.0,1000.0,1000.0,0.0,0.0,0.0,0.0,1000.0,23.36,0.0,22.0,1.0,0.0,0.0,0.0
PCBench/RASPMINI_RASPmini/unrouted.dsn,RASPMINI_RASPmini,A,2026-09-09T06:30:20.999174+00:00,0.0,0.0,1000.0,1000.0,1000.0,1000.0,1000.0,0.0,0.0,0.0,0.0,1000.0,29.74,0.0,55.0,1.0,0.0,0.0,0.0
PCBench/RPi-ATtiny85-Programmer_rpi_attiny85_programmer/unrouted.dsn,RPi-ATtiny85-Programmer_rpi_attiny85_programmer,A,2026-09-09T06:29:55.702394+00:00,0.0,0.0,1000.0,1000.0,1000.0,1000.0,1000.0,0.0,0.0,0.0,0.0,1000.0,22.68,0.0,13.0,1.0,0.0,0.0,0.0
PCBench/RPi-PWM-Fan-interface_RPi PWM Fan interface/unrouted.dsn,RPi-PWM-Fan-interface_RPi PWM Fan interface,A,2026-09-09T06:30:09.070435+00:00,0.0,500.0,1000.0,1000.0,1000.0,1000.0,1000.0,0.0,0.0,0.0,0.0,1000.0,22.69,0.0,10.0,0.5,0.0,0.0,0.0
PCBench/Raspberry-Pi-Soft-Power-Controller_Switching Supply TPS563208 MCI/unrouted.dsn,Raspberry-Pi-Soft-Power-Controller_Switching Supply TPS563208 MCI,A,2026-09-09T06:30:00.329373+00:00,294.12,647.06,1000.0,1000.0,1000.0,705.88,705.882,0.0,0.0,0.0,0.0,1000.0,22.33,0.0,17.0,0.3529,0.0,0.0,0.0
PCBench/RoBoC_CameraAdaptor/unrouted.dsn,RoBoC_CameraAdaptor,A,2026-09-09T06:29:58.709133+00:00,0.0,133.33,1000.0,1000.0,1000.0,1000.0,1000.0,0.0,0.0,0.0,0.0,1000.0,25.93,0.0,30.0,0.8667,0.0,0.0,0.0
PCBench/SMDBreakouts_smd_breakout/unrouted.dsn,SMDBreakouts_smd_breakout,A,2026-09-09T06:31:08.078068+00:00,625.0,812.5,1000.0,1000.0,1000.0,375.0,375.0,0.0,0.0,0.0,0.0,1000.0,31.98,0.0,64.0,0.1875,0.0,0.0,0.0
PCBench/SMDBreakouts_smd_breakout_quad/unrouted.dsn,SMDBreakouts_smd_breakout_quad,A,2026-09-09T06:31:54.391630+00:00,625.0,812.5,1000.0,1000.0,1000.0,375.0,375.0,0.0,0.0,0.0,0.0,1000.0,31.98,0.0,64.0,0.1875,0.0,0.0,0.0
PCBench/SmartLaserCO2-PCB_LaserPointer/unrouted.dsn,SmartLaserCO2-PCB_LaserPointer,A,2026-09-09T06:30:29.757661+00:00,0.0,0.0,1000.0,1000.0,1000.0,1000.0,1000.0,0.0,0.0,0.0,0.0,1000.0,18.95,0.0,3.0,1.0,0.0,0.0,0.0
PCBench/SmartLaserCO2-PCB_OptAdjust/unrouted.dsn,SmartLaserCO2-PCB_OptAdjust,A,2026-09-09T06:30:44.013775+00:00,0.0,0.0,1000.0,1000.0,1000.0,1000.0,1000.0,0.0,0.0,0.0,0.0,1000.0,19.58,0.0,6.0,1.0,0.0,0.0,0.0
PCBench/SmartLaserCO2-PCB_WaterCool/unrouted.dsn,SmartLaserCO2-PCB_WaterCool,A,2026-09-09T06:30:30.913793+00:00,0.0,0.0,1000.0,1000.0,1000.0,1000.0,1000.0,0.0,0.0,0.0,0.0,1000.0,19.78,0.0,8.0,1.0,0.0,0.0,0.0
PCBench/Solare-BQ24210_Solare-BQ24210/unrouted.dsn,Solare-BQ24210_Solare-BQ24210,A,2026-09-09T06:31:47.775396+00:00,642.86,821.43,1000.0,1000.0,1000.0,357.14,357.143,0.0,0.0,0.0,0.0,1000.0,25.54,0.0,28.0,0.1786,0.0,0.0,0.0
PCBench/SparkSwitch_SparkProtectionSwitch/unrouted.dsn,SparkSwitch_SparkProtectionSwitch,A,2026-09-09T06:31:09.021291+00:00,416.67,708.33,1000.0,1000.0,1000.0,583.33,583.333,0.0,0.0,0.0,0.0,1000.0,22.97,0.0,24.0,0.2917,0.0,0.0,0.0
PCBench/TTNEnschedeMote_ArduinoNanoRN2483/unrouted.dsn,TTNEnschedeMote_ArduinoNanoRN2483,A,2026-09-09T06:32:53.766111+00:00,576.92,788.46,1000.0,1000.0,1000.0,423.08,423.077,0.0,0.0,0.0,0.0,1000.0,35.24,0.0,52.0,0.2115,0.0,0.0,0.0
PCBench/Teensy-Hats_Teensy-LCD-LiDAR-Hat/unrouted.dsn,Teensy-Hats_Teensy-LCD-LiDAR-Hat,A,2026-09-09T06:31:59.277291+00:00,0.0,306.12,1000.0,1000.0,1000.0,1000.0,1000.0,0.0,0.0,0.0,0.0,1000.0,31.53,0.0,49.0,0.6939,0.0,0.0,0.0
PCBench/Thremal-Printer_thermal printer/unrouted.dsn,Thremal-Printer_thermal printer,A,2026-09-09T06:33:08.406712+00:00,0.0,0.0,1000.0,1000.0,1000.0,1000.0,1000.0,0.0,0.0,0.0,0.0,1000.0,33.95,0.0,74.0,1.0,0.0,0.0,0.0
PCBench/WeatherSpot_vreg_pressure/unrouted.dsn,WeatherSpot_vreg_pressure,A,2026-09-09T06:32:15.601562+00:00,500.0,750.0,1000.0,1000.0,1000.0,500.0,500.0,0.0,0.0,0.0,0.0,1000.0,22.41,0.0,12.0,0.25,0.0,0.0,0.0
PCBench/WordClock_v2.0_WordClock_v2/unrouted.dsn,WordClock_v2.0_WordClock_v2,A,2026-09-09T06:32:53.128827+00:00,80.0,540.0,1000.0,1000.0,1000.0,920.0,920.0,0.0,0.0,0.0,0.0,1000.0,29.86,0.0,50.0,0.46,0.0,0.0,0.0
PCBench/Youyue-858D-plus-MCU-adapter_youyue-858d-plus-mcu-adapter/unrouted.dsn,Youyue-858D-plus-MCU-adapter_youyue-858d-plus-mcu-adapter,A,2026-09-09T06:33:16.107489+00:00,0.0,24.39,1000.0,1000.0,1000.0,1000.0,1000.0,0.0,0.0,0.0,0.0,1000.0,42.7,0.0,123.0,0.9756,0.0,0.0,0.0
PCBench/abus-cfa1000-display-grabber_acs-display-grabber/unrouted.dsn,abus-cfa1000-display-grabber_acs-display-grabber,B,2026-09-09T05:39:53.994266+00:00,0.0,343.95,1000.0,1000.0,1000.0,1000.0,1000.0,0.0,0.0,0.0,0.0,1000.0,45.69,0.0,157.0,0.6561,0.0,0.0,0.0
PCBench/airqualitystation_hardware/unrouted.dsn,airqualitystation_hardware,B,2026-09-09T05:39:46.538850+00:00,108.11,554.05,1000.0,1000.0,1000.0,891.89,891.892,0.0,0.0,0.0,0.0,1000.0,34.55,0.0,74.0,0.4459,0.0,0.0,0.0
PCBench/anima_MotorDrive/unrouted.dsn,anima_MotorDrive,B,2026-09-09T05:47:01.337134+00:00,181.1,590.55,1000.0,1000.0,1000.0,818.9,818.898,0.0,0.0,0.0,0.0,1000.0,48.6,0.0,127.0,0.4094,0.0,0.0,0.0
PCBench/apa102lantern_apa102-lantern-esp8266/unrouted.dsn,apa102lantern_apa102-lantern-esp8266,B,2026-09-09T05:47:45.989767+00:00,0.0,280.7,1000.0,1000.0,1000.0,1000.0,1000.0,0.0,0.0,0.0,0.0,1000.0,28.58,0.0,57.0,0.7193,0.0,0.0,0.0
PCBench/apa102lantern_apa102-lantern-side/unrouted.dsn,apa102lantern_apa102-lantern-side,A,2026-09-09T06:19:33.127632+00:00,0.0,404.76,1000.0,1000.0,1000.0,1000.0,1000.0,0.0,0.0,0.0,0.0,1000.0,26.01,0.0,42.0,0.5952,0.0,0.0,0.0
PCBench/arduino_arduino leds/unrouted.dsn,arduino_arduino leds,B,2026-09-09T05:49:18.326604+00:00,0.0,0.0,1000.0,1000.0,1000.0,1000.0,1000.0,0.0,0.0,0.0,0.0,1000.0,27.11,0.0,48.0,1.0,0.0,0.0,0.0
PCBench/atmel-programmer_atmel_programmer/unrouted.dsn,atmel-programmer_atmel_programmer,B,2026-09-09T05:54:47.293625+00:00,0.0,0.0,1000.0,1000.0,1000.0,1000.0,1000.0,0.0,0.0,0.0,0.0,1000.0,36.13,0.0,39.0,1.0,0.0,0.0,0.0
PCBench/audprog_audprog_v2/unrouted.dsn,audprog_audprog_v2,B,2026-09-09T05:56:38.589906+00:00,0.0,482.76,1000.0,1000.0,1000.0,1000.0,1000.0,0.0,0.0,0.0,0.0,1000.0,39.24,0.0,87.0,0.5172,0.0,0.0,0.0
PCBench/autohat-board_inverted-usd-adapter/unrouted.dsn,autohat-board_inverted-usd-adapter,A,2026-09-09T06:19:23.997466+00:00,0.0,500.0,1000.0,1000.0,1000.0,1000.0,1000.0,0.0,0.0,0.0,0.0,1000.0,21.43,0.0,8.0,0.5,0.0,0.0,0.0
PCBench/avr-divecomputer_dc/unrouted.dsn,avr-divecomputer_dc,B,2026-09-09T05:58:26.060153+00:00,0.0,421.77,1000.0,1000.0,1000.0,1000.0,1000.0,0.0,0.0,0.0,0.0,1000.0,52.24,0.0,147.0,0.5782,0.0,0.0,0.0
PCBench/avr_frs_shield_avr_frs/unrouted.dsn,avr_frs_shield_avr_frs,B,2026-09-09T06:01:41.012700+00:00,0.0,0.0,1000.0,1000.0,1000.0,1000.0,1000.0,0.0,0.0,0.0,0.0,1000.0,34.58,0.0,62.0,1.0,0.0,0.0,0.0
PCBench/basic_esp_board_basic_esp_board/unrouted.dsn,basic_esp_board_basic_esp_board,B,2026-09-09T06:06:37.987259+00:00,0.0,309.52,1000.0,1000.0,1000.0,1000.0,1000.0,0.0,0.0,0.0,0.0,1000.0,35.64,0.0,84.0,0.6905,0.0,0.0,0.0
PCBench/beast-phat_beast-phat/unrouted.dsn,beast-phat_beast-phat,B,2026-09-09T06:07:32.630270+00:00,190.48,595.24,1000.0,1000.0,1000.0,809.52,809.524,0.0,0.0,0.0,0.0,1000.0,27.29,0.0,42.0,0.4048,0.0,0.0,0.0
PCBench/beryl_rain_beryl_rain/unrouted.dsn,beryl_rain_beryl_rain,A,2026-09-09T06:20:09.934212+00:00,0.0,409.09,1000.0,1000.0,1000.0,1000.0,1000.0,0.0,0.0,0.0,0.0,1000.0,28.42,0.0,44.0,0.5909,0.0,0.0,0.0
PCBench/bldc-gimbal-1d_gimbal-board/unrouted.dsn,bldc-gimbal-1d_gimbal-board,B,2026-09-08T21:28:51.688794+00:00,119.05,559.52,1000.0,1000.0,1000.0,880.95,880.952,0.0,0.0,0.0,0.0,1000.0,37.86,0.0,84.0,0.4405,0.0,0.0,0.0
PCBench/bldc-gimbal-1d_r1_gimbal-board/unrouted.dsn,bldc-gimbal-1d_r1_gimbal-board,B,2026-09-08T21:27:25.208466+00:00,119.05,559.52,1000.0,1000.0,1000.0,880.95,880.952,0.0,0.0,0.0,0.0,1000.0,35.85,0.0,84.0,0.4405,0.0,0.0,0.0
PCBench/blink-errr_blink-errr/unrouted.dsn,blink-errr_blink-errr,A,2026-09-09T06:20:06.556615+00:00,333.33,666.67,1000.0,1000.0,1000.0,666.67,666.667,0.0,0.0,0.0,0.0,1000.0,22.0,0.0,15.0,0.3333,0.0,0.0,0.0
PCBench/board_armjtag_pmod_compatible_armjtag-pmod/unrouted.dsn,board_armjtag_pmod_compatible_armjtag-pmod,A,2026-09-09T06:20:18.281413+00:00,0.0,0.0,1000.0,1000.0,1000.0,1000.0,1000.0,0.0,0.0,0.0,0.0,1000.0,25.19,0.0,29.0,1.0,0.0,0.0,0.0
PCBench/boards_shift-register-demo-v2/unrouted.dsn,boards_shift-register-demo-v2,B,2026-09-08T21:31:56.417363+00:00,0.0,0.0,1000.0,1000.0,1000.0,1000.0,1000.0,0.0,0.0,0.0,0.0,1000.0,31.44,0.0,76.0,1.0,0.0,0.0,0.0
PCBench/breakout-boards_50-to-100/unrouted.dsn,breakout-boards_50-to-100,A,2026-09-09T06:20:35.533653+00:00,0.0,100.0,1000.0,1000.0,1000.0,1000.0,1000.0,0.0,0.0,0.0,0.0,1000.0,22.52,0.0,10.0,0.9,0.0,0.0,0.0
PCBench/breakout-boards_esp8266-jtag/unrouted.dsn,breakout-boards_esp8266-jtag,A,2026-09-09T06:21:31.068070+00:00,333.33,666.67,1000.0,1000.0,1000.0,666.67,666.667,0.0,0.0,0.0,0.0,1000.0,30.15,0.0,48.0,0.3333,0.0,0.0,0.0
PCBench/breakout-boards_swd-and-uart/unrouted.dsn,breakout-boards_swd-and-uart,A,2026-09-09T06:20:36.794627+00:00,0.0,0.0,1000.0,1000.0,1000.0,1000.0,1000.0,0.0,0.0,0.0,0.0,1000.0,22.93,0.0,11.0,1.0,0.0,0.0,0.0
PCBench/busblaster-to-swd_busblaster-to-swd/unrouted.dsn,busblaster-to-swd_busblaster-to-swd,A,2026-09-09T06:20:48.024322+00:00,0.0,34.48,1000.0,1000.0,1000.0,1000.0,1000.0,0.0,0.0,0.0,0.0,1000.0,25.42,0.0,29.0,0.9655,0.0,0.0,0.0
PCBench/cap-soil-moisture-v2_soil-moisture2x4/unrouted.dsn,cap-soil-moisture-v2_soil-moisture2x4,A,2026-09-09T06:21:07.625449+00:00,0.0,0.0,1000.0,1000.0,1000.0,1000.0,1000.0,0.0,0.0,0.0,0.0,1000.0,27.35,0.0,37.0,1.0,0.0,0.0,0.0
PCBench/crossover-schiit-stack_xover4schiit/unrouted.dsn,crossover-schiit-stack_xover4schiit,A,2026-09-09T06:21:09.371932+00:00,0.0,0.0,1000.0,1000.0,1000.0,1000.0,1000.0,0.0,0.0,0.0,0.0,1000.0,19.62,0.0,9.0,1.0,0.0,0.0,0.0
PCBench/drawduino_drawduino/unrouted.dsn,drawduino_drawduino,A,2026-09-09T06:21:32.335298+00:00,0.0,214.29,1000.0,1000.0,1000.0,1000.0,1000.0,0.0,0.0,0.0,0.0,1000.0,21.31,0.0,14.0,0.7857,0.0,0.0,0.0
PCBench/dustbox_Dustbox/unrouted.dsn,dustbox_Dustbox,A,2026-09-09T06:21:39.473464+00:00,0.0,0.0,1000.0,1000.0,1000.0,1000.0,1000.0,0.0,0.0,0.0,0.0,1000.0,19.58,0.0,14.0,1.0,0.0,0.0,0.0
PCBench/eBUS-Adapter_Groeger/unrouted.dsn,eBUS-Adapter_Groeger,A,2026-09-09T06:21:54.359173+00:00,0.0,0.0,1000.0,1000.0,1000.0,1000.0,1000.0,0.0,0.0,0.0,0.0,1000.0,24.69,0.0,27.0,1.0,0.0,0.0,0.0
PCBench/eBUS-Adapter_Henning/unrouted.dsn,eBUS-Adapter_Henning,A,2026-09-09T06:22:09.095449+00:00,0.0,0.0,1000.0,1000.0,1000.0,1000.0,1000.0,0.0,0.0,0.0,0.0,1000.0,27.06,0.0,41.0,1.0,0.0,0.0,0.0
PCBench/esp-leipa_esp-12/unrouted.dsn,esp-leipa_esp-12,A,2026-09-09T06:22:43.835489+00:00,0.0,260.87,1000.0,1000.0,1000.0,1000.0,1000.0,0.0,0.0,0.0,0.0,1000.0,26.17,0.0,23.0,0.7391,0.0,0.0,0.0
PCBench/esp12-breakout_ESP12Breakout/unrouted.dsn,esp12-breakout_ESP12Breakout,A,2026-09-09T06:22:09.069856+00:00,538.46,769.23,1000.0,1000.0,1000.0,461.54,461.538,0.0,0.0,0.0,0.0,1000.0,26.18,0.0,26.0,0.2308,0.0,0.0,0.0
PCBench/esp8266-12f-board_esp8266/unrouted.dsn,esp8266-12f-board_esp8266,A,2026-09-09T06:22:32.883898+00:00,708.33,854.17,1000.0,1000.0,1000.0,291.67,291.667,0.0,0.0,0.0,0.0,1000.0,29.49,0.0,48.0,0.1458,0.0,0.0,0.0
PCBench/esp8266-external-temp-sensor_external-temp-sensor/unrouted.dsn,esp8266-external-temp-sensor_external-temp-sensor,A,2026-09-09T06:22:43.783756+00:00,0.0,441.18,1000.0,1000.0,1000.0,1000.0,1000.0,0.0,0.0,0.0,0.0,1000.0,27.39,0.0,34.0,0.5588,0.0,0.0,0.0
PCBench/esp8266_envmonitor_environment-monitor-1.2/unrouted.dsn,esp8266_envmonitor_environment-monitor-1.2,A,2026-09-09T06:22:57.484227+00:00,0.0,406.25,1000.0,1000.0,1000.0,1000.0,1000.0,0.0,0.0,0.0,0.0,1000.0,27.05,0.0,32.0,0.5938,0.0,0.0,0.0
PCBench/esp8266_link_test_esp12e-generics/unrouted.dsn,esp8266_link_test_esp12e-generics,A,2026-09-09T06:22:57.621735+00:00,307.69,653.85,1000.0,1000.0,1000.0,692.31,692.308,0.0,0.0,0.0,0.0,1000.0,26.54,0.0,26.0,0.3462,0.0,0.0,0.0
PCBench/esp8266_wi07_3_adapter_esp/unrouted.dsn,esp8266_wi07_3_adapter_esp,A,2026-09-09T06:22:44.971367+00:00,466.67,733.33,1000.0,1000.0,1000.0,533.33,533.333,0.0,0.0,0.0,0.0,1000.0,23.22,0.0,15.0,0.2667,0.0,0.0,0.0
PCBench/espeverywhere__autosave-espeverywhere_breakout/unrouted.dsn,espeverywhere__autosave-espeverywhere_breakout,A,2026-09-09T06:22:55.741532+00:00,0.0,125.0,1000.0,1000.0,1000.0,1000.0,1000.0,0.0,0.0,0.0,0.0,1000.0,21.96,0.0,8.0,0.875,0.0,0.0,0.0
PCBench/filament_extruder_sensor/unrouted.dsn,filament_extruder_sensor,A,2026-09-09T06:23:07.906866+00:00,0.0,190.48,1000.0,1000.0,1000.0,1000.0,1000.0,0.0,0.0,0.0,0.0,1000.0,22.82,0.0,21.0,0.8095,0.0,0.0,0.0
PCBench/fingerprint-with-esp32_quet van tay/unrouted.dsn,fingerprint-with-esp32_quet van tay,A,2026-09-09T06:23:24.767169+00:00,0.0,157.89,1000.0,1000.0,1000.0,1000.0,1000.0,0.0,0.0,0.0,0.0,1000.0,24.7,0.0,19.0,0.8421,0.0,0.0,0.0
PCBench/freeUSBi_USBi_Programmer/unrouted.dsn,freeUSBi_USBi_Programmer,A,2026-09-09T06:23:24.764662+00:00,0.0,0.0,1000.0,1000.0,1000.0,1000.0,1000.0,0.0,0.0,0.0,0.0,1000.0,31.78,0.0,42.0,1.0,0.0,0.0,0.0
PCBench/fuzzer_fuzzer/unrouted.dsn,fuzzer_fuzzer,A,2026-09-09T06:24:13.664613+00:00,0.0,391.3,1000.0,1000.0,1000.0,1000.0,1000.0,0.0,0.0,0.0,0.0,1000.0,35.53,0.0,69.0,0.6087,0.0,0.0,0.0
PCBench/gpsclock_clock/unrouted.dsn,gpsclock_clock,A,2026-09-09T06:23:53.955268+00:00,0.0,0.0,1000.0,1000.0,1000.0,1000.0,1000.0,0.0,0.0,0.0,0.0,1000.0,26.94,0.0,44.0,1.0,0.0,0.0,0.0
PCBench/gwurrbus_gwurrbus-relay/unrouted.dsn,gwurrbus_gwurrbus-relay,A,2026-09-09T06:23:26.620724+00:00,0.0,0.0,1000.0,1000.0,1000.0,1000.0,1000.0,0.0,0.0,0.0,0.0,1000.0,28.9,0.0,50.0,1.0,0.0,0.0,0.0
PCBench/hackaday_esp-14_power_meter__autosave-esp-14/unrouted.dsn,hackaday_esp-14_power_meter__autosave-esp-14,A,2026-09-09T06:23:30.172064+00:00,818.18,909.09,1000.0,1000.0,1000.0,181.82,181.818,0.0,0.0,0.0,0.0,1000.0,25.3,0.0,22.0,0.0909,0.0,0.0,0.0
PCBench/hardware-designs_c-trigger/unrouted.dsn,hardware-designs_c-trigger,A,2026-09-09T06:23:15.423307+00:00,0.0,0.0,1000.0,1000.0,1000.0,1000.0,1000.0,0.0,0.0,0.0,0.0,1000.0,22.38,0.0,9.0,1.0,0.0,0.0,0.0
PCBench/hardware-designs_cc430-debug-board/unrouted.dsn,hardware-designs_cc430-debug-board,A,2026-09-09T06:24:16.917309+00:00,0.0,180.0,1000.0,1000.0,1000.0,1000.0,1000.0,0.0,0.0,0.0,0.0,1000.0,33.99,0.0,50.0,0.82,0.0,0.0,0.0
PCBench/hardware-designs_energy-harvester/unrouted.dsn,hardware-designs_energy-harvester,A,2026-09-09T06:23:50.814500+00:00,133.33,566.67,1000.0,1000.0,1000.0,866.67,866.667,0.0,0.0,0.0,0.0,1000.0,27.26,0.0,30.0,0.4333,0.0,0.0,0.0
PCBench/hardware-designs_m-trigger/unrouted.dsn,hardware-designs_m-trigger,A,2026-09-09T06:23:35.004780+00:00,0.0,0.0,1000.0,1000.0,1000.0,1000.0,1000.0,0.0,0.0,0.0,0.0,1000.0,22.4,0.0,8.0,1.0,0.0,0.0,0.0
PCBench/hardware-designs_nixie-power/unrouted.dsn,hardware-designs_nixie-power,A,2026-09-09T06:24:20.918276+00:00,0.0,435.9,1000.0,1000.0,1000.0,1000.0,1000.0,0.0,0.0,0.0,0.0,1000.0,24.57,0.0,39.0,0.5641,0.0,0.0,0.0
PCBench/hardware-designs_spsgrf-board/unrouted.dsn,hardware-designs_spsgrf-board,A,2026-09-09T06:23:38.838968+00:00,0.0,100.0,1000.0,1000.0,1000.0,1000.0,1000.0,0.0,0.0,0.0,0.0,1000.0,24.32,0.0,10.0,0.9,0.0,0.0,0.0
PCBench/hm-mod-rpi-rtc_hm-mod-rpi-rtc/unrouted.dsn,hm-mod-rpi-rtc_hm-mod-rpi-rtc,A,2026-09-09T06:25:01.879627+00:00,0.0,468.09,1000.0,1000.0,1000.0,1000.0,1000.0,0.0,0.0,0.0,0.0,1000.0,29.2,0.0,47.0,0.5319,0.0,0.0,0.0
PCBench/kelvindmmwifi_kelvindmmwifi/unrouted.dsn,kelvindmmwifi_kelvindmmwifi,A,2026-09-09T06:24:40.983667+00:00,513.51,756.76,1000.0,1000.0,1000.0,486.49,486.486,0.0,0.0,0.0,0.0,1000.0,27.93,0.0,37.0,0.2432,0.0,0.0,0.0
PCBench/keyboard_converter_adapter_ibm4704_converter_adapter_ibm4704/unrouted.dsn,keyboard_converter_adapter_ibm4704_converter_adapter_ibm4704,A,2026-09-09T06:24:32.526674+00:00,0.0,315.79,1000.0,1000.0,1000.0,1000.0,1000.0,0.0,0.0,0.0,0.0,1000.0,24.3,0.0,19.0,0.6842,0.0,0.0,0.0
PCBench/kicad-guitar-preamp_Preamp-Instructables/unrouted.dsn,kicad-guitar-preamp_Preamp-Instructables,A,2026-09-09T06:24:41.012413+00:00,0.0,0.0,1000.0,1000.0,1000.0,1000.0,1000.0,0.0,0.0,0.0,0.0,1000.0,22.16,0.0,17.0,1.0,0.0,0.0,0.0
PCBench/kicad-projects_BatCharge/unrouted.dsn,kicad-projects_BatCharge,A,2026-09-09T06:24:59.507545+00:00,454.55,727.27,1000.0,1000.0,1000.0,545.45,545.455,0.0,0.0,0.0,0.0,1000.0,24.43,0.0,22.0,0.2727,0.0,0.0,0.0
PCBench/kicad-projects_ili9341-breakout/unrouted.dsn,kicad-projects_ili9341-breakout,A,2026-09-09T06:25:03.952987+00:00,0.0,222.22,1000.0,1000.0,1000.0,1000.0,1000.0,0.0,0.0,0.0,0.0,1000.0,24.82,0.0,18.0,0.7778,0.0,0.0,0.0
PCBench/kicad-workshop_fancyboard/unrouted.dsn,kicad-workshop_fancyboard,A,2026-09-09T06:26:05.154877+00:00,90.91,545.45,1000.0,1000.0,1000.0,909.09,909.091,0.0,0.0,0.0,0.0,1000.0,34.05,0.0,55.0,0.4545,0.0,0.0,0.0
PCBench/kicad_bbb-melzi/unrouted.dsn,kicad_bbb-melzi,A,2026-09-09T06:25:18.119657+00:00,0.0,160.0,1000.0,1000.0,1000.0,1000.0,1000.0,0.0,0.0,0.0,0.0,1000.0,26.11,0.0,25.0,0.84,0.0,0.0,0.0
PCBench/kika-in-space_DS8500/unrouted.dsn,kika-in-space_DS8500,A,2026-09-09T06:26:06.716382+00:00,636.36,818.18,1000.0,1000.0,1000.0,363.64,363.636,0.0,0.0,0.0,0.0,1000.0,27.89,0.0,44.0,0.1818,0.0,0.0,0.0
PCBench/kika-in-space_analog-test-board/unrouted.dsn,kika-in-space_analog-test-board,A,2026-09-09T06:25:17.178463+00:00,333.33,666.67,1000.0,1000.0,1000.0,666.67,666.667,0.0,0.0,0.0,0.0,1000.0,25.92,0.0,30.0,0.3333,0.0,0.0,0.0
PCBench/kitspace_12V5A_breakout/unrouted.dsn,kitspace_12V5A_breakout,A,2026-09-09T06:25:24.231235+00:00,0.0,0.0,1000.0,1000.0,1000.0,1000.0,1000.0,0.0,0.0,0.0,0.0,1000.0,20.77,0.0,22.0,1.0,0.0,0.0,0.0
PCBench/kitspace_12_24_boost_converter/unrouted.dsn,kitspace_12_24_boost_converter,A,2026-09-09T06:25:21.328873+00:00,0.0,0.0,1000.0,1000.0,1000.0,1000.0,1000.0,0.0,0.0,0.0,0.0,1000.0,23.37,0.0,31.0,1.0,0.0,0.0,0.0
PCBench/kitspace_4_switch_array/unrouted.dsn,kitspace_4_switch_array,A,2026-09-09T06:25:33.741716+00:00,0.0,0.0,1000.0,1000.0,1000.0,1000.0,1000.0,0.0,0.0,0.0,0.0,1000.0,23.2,0.0,24.0,1.0,0.0,0.0,0.0
PCBench/kitspace_Arduino_uno_sheild/unrouted.dsn,kitspace_Arduino_uno_sheild,A,2026-09-09T06:26:11.220962+00:00,0.0,20.83,1000.0,1000.0,1000.0,1000.0,1000.0,0.0,0.0,0.0,0.0,1000.0,28.75,0.0,48.0,0.9792,0.0,0.0,0.0
PCBench/kitspace_Potentiometer_mount_4LED/unrouted.dsn,kitspace_Potentiometer_mount_4LED,A,2026-09-09T06:26:25.668161+00:00,0.0,0.0,1000.0,1000.0,1000.0,1000.0,1000.0,0.0,0.0,0.0,0.0,1000.0,21.29,0.0,8.0,1.0,0.0,0.0,0.0
PCBench/kitspace_Potentiometer_mount_8LED/unrouted.dsn,kitspace_Potentiometer_mount_8LED,A,2026-09-09T06:26:27.588323+00:00,0.0,0.0,1000.0,1000.0,1000.0,1000.0,1000.0,0.0,0.0,0.0,0.0,1000.0,21.9,0.0,8.0,1.0,0.0,0.0,0.0
PCBench/kitspace_cseduinov4/unrouted.dsn,kitspace_cseduinov4,A,2026-09-09T06:26:04.270286+00:00,0.0,0.0,1000.0,1000.0,1000.0,1000.0,1000.0,0.0,0.0,0.0,0.0,1000.0,32.6,0.0,59.0,1.0,0.0,0.0,0.0
PCBench/kitspace_esp8266-12-breakout/unrouted.dsn,kitspace_esp8266-12-breakout,A,2026-09-09T06:26:33.247949+00:00,0.0,414.63,1000.0,1000.0,1000.0,1000.0,1000.0,0.0,0.0,0.0,0.0,1000.0,27.99,0.0,41.0,0.5854,0.0,0.0,0.0
PCBench/kitspace_filaSens/unrouted.dsn,kitspace_filaSens,A,2026-09-09T06:26:26.653746+00:00,0.0,289.47,1000.0,1000.0,1000.0,1000.0,1000.0,0.0,0.0,0.0,0.0,1000.0,26.57,0.0,38.0,0.7105,0.0,0.0,0.0
PCBench/kitspace_gas_sensor/unrouted.dsn,kitspace_gas_sensor,A,2026-09-09T06:25:47.813332+00:00,0.0,0.0,1000.0,1000.0,1000.0,1000.0,1000.0,0.0,0.0,0.0,0.0,1000.0,23.03,0.0,23.0,1.0,0.0,0.0,0.0
PCBench/kitspace_grove_adaptor/unrouted.dsn,kitspace_grove_adaptor,A,2026-09-09T06:25:57.165411+00:00,0.0,0.0,1000.0,1000.0,1000.0,1000.0,1000.0,0.0,0.0,0.0,0.0,1000.0,20.69,0.0,4.0,1.0,0.0,0.0,0.0
PCBench/kitspace_hum_temp_sensor/unrouted.dsn,kitspace_hum_temp_sensor,A,2026-09-09T06:26:11.031664+00:00,0.0,0.0,1000.0,1000.0,1000.0,1000.0,1000.0,0.0,0.0,0.0,0.0,1000.0,20.46,0.0,10.0,1.0,0.0,0.0,0.0
PCBench/kitspace_ir_sensor/unrouted.dsn,kitspace_ir_sensor,A,2026-09-09T06:26:17.006101+00:00,0.0,0.0,1000.0,1000.0,1000.0,1000.0,1000.0,0.0,0.0,0.0,0.0,1000.0,17.36,0.0,7.0,1.0,0.0,0.0,0.0
PCBench/kitspace_power_supply/unrouted.dsn,kitspace_power_supply,A,2026-09-09T06:26:27.230154+00:00,0.0,0.0,1000.0,1000.0,1000.0,1000.0,1000.0,0.0,0.0,0.0,0.0,1000.0,22.72,0.0,30.0,1.0,0.0,0.0,0.0
PCBench/kitspace_push-on-hold-off/unrouted.dsn,kitspace_push-on-hold-off,A,2026-09-09T06:27:06.844779+00:00,421.05,710.53,1000.0,1000.0,1000.0,578.95,578.947,0.0,0.0,0.0,0.0,1000.0,26.86,0.0,38.0,0.2895,0.0,0.0,0.0
PCBench/kitspace_temp_breakout/unrouted.dsn,kitspace_temp_breakout,A,2026-09-09T06:26:34.370966+00:00,0.0,0.0,1000.0,1000.0,1000.0,1000.0,1000.0,0.0,0.0,0.0,0.0,1000.0,20.61,0.0,20.0,1.0,0.0,0.0,0.0
PCBench/kitspace_tt_nano_HAT_b1/unrouted.dsn,kitspace_tt_nano_HAT_b1,A,2026-09-09T06:26:41.676642+00:00,0.0,0.0,1000.0,1000.0,1000.0,1000.0,1000.0,0.0,0.0,0.0,0.0,1000.0,30.92,0.0,48.0,1.0,0.0,0.0,0.0
PCBench/kitspace_tt_opt101_module_b1/unrouted.dsn,kitspace_tt_opt101_module_b1,A,2026-09-09T06:26:37.364354+00:00,0.0,285.71,1000.0,1000.0,1000.0,1000.0,1000.0,0.0,0.0,0.0,0.0,1000.0,21.77,0.0,7.0,0.7143,0.0,0.0,0.0
PCBench/m2-electronics_m2pogo/unrouted.dsn,m2-electronics_m2pogo,A,2026-09-09T06:26:44.640776+00:00,0.0,0.0,1000.0,1000.0,1000.0,1000.0,1000.0,0.0,0.0,0.0,0.0,1000.0,19.98,0.0,4.0,1.0,0.0,0.0,0.0
PCBench/mearm-base-pcb_ServoPCB/unrouted.dsn,mearm-base-pcb_ServoPCB,A,2026-09-09T06:27:14.186601+00:00,0.0,0.0,1000.0,1000.0,1000.0,1000.0,1000.0,0.0,0.0,0.0,0.0,1000.0,17.96,0.0,14.0,1.0,0.0,0.0,0.0
PCBench/mechkeys_isp/unrouted.dsn,mechkeys_isp,A,2026-09-09T06:27:35.352431+00:00,161.29,580.65,1000.0,1000.0,1000.0,838.71,838.71,0.0,0.0,0.0,0.0,1000.0,25.58,0.0,31.0,0.4194,0.0,0.0,0.0
PCBench/mechkeys_lfk78-jtag/unrouted.dsn,mechkeys_lfk78-jtag,A,2026-09-09T06:27:09.189533+00:00,0.0,0.0,1000.0,1000.0,1000.0,1000.0,1000.0,0.0,0.0,0.0,0.0,1000.0,22.5,0.0,10.0,1.0,0.0,0.0,0.0
PCBench/mini-whip_mini-whip/unrouted.dsn,mini-whip_mini-whip,A,2026-09-09T06:27:25.123050+00:00,500.0,750.0,1000.0,1000.0,1000.0,500.0,500.0,0.0,0.0,0.0,0.0,1000.0,21.79,0.0,28.0,0.25,0.0,0.0,0.0
PCBench/nRF24breakoutBoard_nRF24-breakout/unrouted.dsn,nRF24breakoutBoard_nRF24-breakout,A,2026-09-09T06:27:40.686126+00:00,0.0,0.0,1000.0,1000.0,1000.0,1000.0,1000.0,0.0,0.0,0.0,0.0,1000.0,21.84,0.0,10.0,1.0,0.0,0.0,0.0
PCBench/navelino-leaf_navelino-leaf/unrouted.dsn,navelino-leaf_navelino-leaf,A,2026-09-09T06:27:46.129676+00:00,172.41,586.21,1000.0,1000.0,1000.0,827.59,827.586,0.0,0.0,0.0,0.0,1000.0,21.65,0.0,29.0,0.4138,0.0,0.0,0.0
PCBench/nodemcu-backstage_NodeMCU Backstage/unrouted.dsn,nodemcu-backstage_NodeMCU Backstage,A,2026-09-09T06:27:50.494828+00:00,0.0,115.38,1000.0,1000.0,1000.0,1000.0,1000.0,0.0,0.0,0.0,0.0,1000.0,30.13,0.0,52.0,0.8846,0.0,0.0,0.0
PCBench/oled-bmp280-touch_oled-bmp280-touch/unrouted.dsn,oled-bmp280-touch_oled-bmp280-touch,A,2026-09-09T06:28:04.562828+00:00,0.0,50.0,1000.0,1000.0,1000.0,1000.0,1000.0,0.0,0.0,0.0,0.0,1000.0,24.79,0.0,20.0,0.95,0.0,0.0,0.0
PCBench/opentilt_opentilt1/unrouted.dsn,opentilt_opentilt1,A,2026-09-09T06:28:08.262641+00:00,0.0,0.0,1000.0,1000.0,1000.0,1000.0,1000.0,0.0,0.0,0.0,0.0,1000.0,25.13,0.0,24.0,1.0,0.0,0.0,0.0
PCBench/ottawa-badges-2016_ottawa-badge-tagger-2016/unrouted.dsn,ottawa-badges-2016_ottawa-badge-tagger-2016,A,2026-09-09T06:28:43.325253+00:00,0.0,366.67,1000.0,1000.0,1000.0,1000.0,1000.0,0.0,0.0,0.0,0.0,1000.0,24.69,0.0,30.0,0.6333,0.0,0.0,0.0
PCBench/photon_Sprinkler_sprinkler/unrouted.dsn,photon_Sprinkler_sprinkler,A,2026-09-09T06:28:51.591148+00:00,0.0,307.69,1000.0,1000.0,1000.0,1000.0,1000.0,0.0,0.0,0.0,0.0,1000.0,24.76,0.0,39.0,0.6923,0.0,0.0,0.0
PCBench/pi_plant_MCP3002/unrouted.dsn,pi_plant_MCP3002,A,2026-09-09T06:28:47.318881+00:00,0.0,0.0,1000.0,1000.0,1000.0,1000.0,1000.0,0.0,0.0,0.0,0.0,1000.0,24.46,0.0,21.0,1.0,0.0,0.0,0.0
PCBench/ponyser-pcb_Ponyser/unrouted.dsn,ponyser-pcb_Ponyser,A,2026-09-09T06:28:48.967363+00:00,400.0,700.0,1000.0,1000.0,1000.0,600.0,600.0,0.0,0.0,0.0,0.0,1000.0,24.95,0.0,20.0,0.3,0.0,0.0,0.0
PCBench/rgb-strip-controller__autosave-rgb-strip/unrouted.dsn,rgb-strip-controller__autosave-rgb-strip,A,2026-09-09T06:30:01.203102+00:00,0.0,0.0,1000.0,1000.0,1000.0,1000.0,1000.0,0.0,0.0,0.0,0.0,1000.0,26.32,0.0,39.0,1.0,0.0,0.0,0.0
PCBench/rotorcontrol_nanomount/unrouted.dsn,rotorcontrol_nanomount,A,2026-09-09T06:30:11.802221+00:00,0.0,0.0,1000.0,1000.0,1000.0,1000.0,1000.0,0.0,0.0,0.0,0.0,1000.0,25.64,0.0,18.0,1.0,0.0,0.0,0.0
PCBench/rufs__autosave-simple_kicad_schema_and_pcb_v1/unrouted.dsn,rufs__autosave-simple_kicad_schema_and_pcb_v1,A,2026-09-09T06:30:19.701562+00:00,0.0,0.0,1000.0,1000.0,1000.0,1000.0,1000.0,0.0,0.0,0.0,0.0,1000.0,20.06,0.0,3.0,1.0,0.0,0.0,0.0
PCBench/rufs_dra818v_breakout_board/unrouted.dsn,rufs_dra818v_breakout_board,A,2026-09-09T06:30:20.000538+00:00,0.0,277.78,1000.0,1000.0,1000.0,1000.0,1000.0,0.0,0.0,0.0,0.0,1000.0,23.35,0.0,18.0,0.7222,0.0,0.0,0.0
PCBench/rufs_simple_kicad_schema_and_pcb_v1/unrouted.dsn,rufs_simple_kicad_schema_and_pcb_v1,A,2026-09-09T06:30:16.780465+00:00,0.0,0.0,1000.0,1000.0,1000.0,1000.0,1000.0,0.0,0.0,0.0,0.0,1000.0,20.06,0.0,3.0,1.0,0.0,0.0,0.0
PCBench/sb-serial-usb_ch340/unrouted.dsn,sb-serial-usb_ch340,A,2026-09-09T06:31:18.086797+00:00,192.31,596.15,1000.0,1000.0,1000.0,807.69,807.692,0.0,0.0,0.0,0.0,1000.0,31.08,0.0,52.0,0.4038,0.0,0.0,0.0
PCBench/scimpy_powersupply/unrouted.dsn,scimpy_powersupply,A,2026-09-09T06:30:29.450104+00:00,0.0,0.0,1000.0,1000.0,1000.0,1000.0,1000.0,0.0,0.0,0.0,0.0,1000.0,19.99,0.0,17.0,1.0,0.0,0.0,0.0
PCBench/sensorboard_DiffIR/unrouted.dsn,sensorboard_DiffIR,A,2026-09-09T06:30:58.661163+00:00,250.0,625.0,1000.0,1000.0,1000.0,750.0,750.0,0.0,0.0,0.0,0.0,1000.0,25.87,0.0,32.0,0.375,0.0,0.0,0.0
PCBench/sensorboard_DiffIR.kicad_pcb_narrow/unrouted.dsn,sensorboard_DiffIR.kicad_pcb_narrow,A,2026-09-09T06:30:55.995213+00:00,187.5,593.75,1000.0,1000.0,1000.0,812.5,812.5,0.0,0.0,0.0,0.0,1000.0,25.84,0.0,32.0,0.4062,0.0,0.0,0.0
PCBench/sms-cart-32k_cart/unrouted.dsn,sms-cart-32k_cart,A,2026-09-09T06:31:56.347318+00:00,0.0,57.14,1000.0,1000.0,1000.0,1000.0,1000.0,0.0,0.0,0.0,0.0,1000.0,29.76,0.0,35.0,0.9429,0.0,0.0,0.0
PCBench/spisolator_spisolator/unrouted.dsn,spisolator_spisolator,A,2026-09-09T06:31:59.925288+00:00,96.77,548.39,1000.0,1000.0,1000.0,903.23,903.226,0.0,0.0,0.0,0.0,1000.0,26.29,0.0,31.0,0.4516,0.0,0.0,0.0
PCBench/starsynctrackers_reset_switch/unrouted.dsn,starsynctrackers_reset_switch,A,2026-09-09T06:31:34.968194+00:00,666.67,833.33,1000.0,1000.0,1000.0,333.33,333.333,0.0,0.0,0.0,0.0,1000.0,22.21,0.0,12.0,0.1667,0.0,0.0,0.0
PCBench/sv650sds_sds_tool/unrouted.dsn,sv650sds_sds_tool,A,2026-09-09T06:31:59.262217+00:00,263.16,631.58,1000.0,1000.0,1000.0,736.84,736.842,0.0,0.0,0.0,0.0,1000.0,30.89,0.0,38.0,0.3684,0.0,0.0,0.0
PCBench/teensy-touch_teensy-touch/unrouted.dsn,teensy-touch_teensy-touch,A,2026-09-09T06:32:02.470556+00:00,0.0,0.0,1000.0,1000.0,1000.0,1000.0,1000.0,0.0,0.0,0.0,0.0,1000.0,22.81,0.0,18.0,1.0,0.0,0.0,0.0
PCBench/temp_logger_esp8266_temp_logger/unrouted.dsn,temp_logger_esp8266_temp_logger,A,2026-09-09T06:32:01.586268+00:00,0.0,83.33,1000.0,1000.0,1000.0,1000.0,1000.0,0.0,0.0,0.0,0.0,1000.0,25.56,0.0,24.0,0.9167,0.0,0.0,0.0
PCBench/usb2serial-CH340G_USB2TTL-CH340G/unrouted.dsn,usb2serial-CH340G_USB2TTL-CH340G,A,2026-09-09T06:33:05.334133+00:00,255.81,627.91,1000.0,1000.0,1000.0,744.19,744.186,0.0,0.0,0.0,0.0,1000.0,29.73,0.0,43.0,0.3721,0.0,0.0,0.0
PCBench/z2amiller_sensorboard/unrouted.dsn,z2amiller_sensorboard,A,2026-09-09T06:33:13.562751+00:00,310.34,655.17,1000.0,1000.0,1000.0,689.66,689.655,0.0,0.0,0.0,0.0,1000.0,31.01,0.0,58.0,0.3448,0.0,0.0,0.0
PCBench/z2amiller_sensorboard_programmer/unrouted.dsn,z2amiller_sensorboard_programmer,A,2026-09-09T06:32:49.243339+00:00,0.0,333.33,1000.0,1000.0,1000.0,1000.0,1000.0,0.0,0.0,0.0,0.0,1000.0,23.54,0.0,15.0,0.6667,0.0,0.0,0.0
