relative_path,native_score,v2_router_after,v2_optimizer_after,v2_optimizer_before,unrouted,drc,min_trace_length_mm,min_via_count,min_bend_count,difficulty_d
PCBench/kitspace_4_switch_array/unrouted.dsn,999.99,1000.0,999.8,999.8,0.0,0.0,329.02,0,13,80.0
PCBench/MAVRIC_Hardware_ArduinoPracticeBoard/unrouted.dsn,983.5,942.31,999.53,999.53,3.0,0.0,735.21,0,46,162.0
PCBench/autohat-board_inverted-usd-adapter/unrouted.dsn,999.99,1000.0,999.84,999.78,0.0,0.0,240.26,0,8,32.0
PCBench/DiscoDanceFloorV1_BusTerminator/unrouted.dsn,979.16,944.44,999.62,999.62,1.0,0.0,79.89,0,14,54.0
PCBench/kitspace_hum_temp_sensor/unrouted.dsn,999.99,1000.0,1000.0,999.91,0.0,0.0,107.12,0,9,32.0
PCBench/kitspace_power_supply/unrouted.dsn,999.99,1000.0,999.74,999.72,0.0,0.0,322.22,0,18,74.0
PCBench/ATmega32_ExploreUltraAvrDevKit_40pin_AVRMCU/unrouted.dsn,996.16,988.24,999.74,999.74,1.0,0.0,1200.15,0,65,250.0
PCBench/rufs__autosave-simple_kicad_schema_and_pcb_v1/unrouted.dsn,999.99,1000.0,999.83,999.83,0.0,0.0,50.8,0,1,12.0
PCBench/nRF24breakoutBoard_nRF24-breakout/unrouted.dsn,959.99,900.0,999.53,999.53,1.0,0.0,110.16,0,10,36.0
PCBench/breakout-boards_swd-and-uart/unrouted.dsn,999.98,1000.0,999.26,999.13,0.0,0.0,100.84,0,3,46.0
PCBench/mini-whip_mini-whip/unrouted.dsn,961.53,892.86,999.93,999.93,3.0,0.0,226.93,1,22,74.0
PCBench/rgb-strip-controller__autosave-rgb-strip/unrouted.dsn,988.5,974.36,999.83,999.83,1.0,0.0,454.67,0,32,110.0
PCBench/drawduino_drawduino/unrouted.dsn,999.99,1000.0,999.98,999.95,0.0,0.0,218.16,0,14,44.0
PCBench/gwurrbus_gwurrbus-relay/unrouted.dsn,999.99,1000.0,999.85,999.84,0.0,0.0,771.71,0,40,186.0
PCBench/AS5043-Encoder_sensor-board/unrouted.dsn,999.99,1000.0,999.71,999.67,0.0,0.0,234.78,1,25,104.0
PCBench/kika-in-space_analog-test-board/unrouted.dsn,999.99,1000.0,999.46,999.45,0.0,0.0,133.01,0,26,86.0
PCBench/Youyue-858D-plus-MCU-adapter_youyue-858d-plus-mcu-adapter/unrouted.dsn,1000.0,1000.0,999.97,999.83,0.0,0.0,401.57,0,37,300.0
PCBench/kitspace_12_24_boost_converter/unrouted.dsn,999.99,1000.0,999.84,999.79,0.0,0.0,346.86,0,24,82.0
PCBench/Camera-Modules_LG-G2-G3-13M-Breakout/unrouted.dsn,999.99,1000.0,999.48,999.48,0.0,0.0,794.25,0,28,126.0
PCBench/PCB_serie_led_strip/unrouted.dsn,1000.0,1000.0,1000.0,1000.0,0.0,0.0,39.06,0,0,44.0
PCBench/opentilt_opentilt1/unrouted.dsn,999.98,1000.0,999.79,999.79,0.0,0.0,607.06,0,14,128.0
PCBench/WeatherSpot_vreg_pressure/unrouted.dsn,1000.0,1000.0,999.86,999.88,0.0,0.0,56.73,0,9,38.0
PCBench/mechkeys_lfk78-jtag/unrouted.dsn,999.98,1000.0,999.48,999.48,0.0,0.0,110.49,0,8,40.0
PCBench/busblaster-to-swd_busblaster-to-swd/unrouted.dsn,999.99,1000.0,999.56,999.57,0.0,0.0,235.68,0,18,84.0
PCBench/Paperino_HW_Paperino_shield/unrouted.dsn,999.99,1000.0,999.77,999.65,0.0,0.0,612.06,0,12,120.0
PCBench/esp8266_link_test_esp12e-generics/unrouted.dsn,999.99,1000.0,999.77,999.77,0.0,0.0,171.24,0,23,96.0
PCBench/mechkeys_isp/unrouted.dsn,987.65,967.74,1000.0,1000.0,1.0,0.0,211.33,0,26,86.0
PCBench/WordClock_v2.0_WordClock_v2/unrouted.dsn,994.53,984.62,999.69,999.69,1.0,0.0,520.69,0,40,184.0
PCBench/kitspace_cseduinov4/unrouted.dsn,999.99,1000.0,999.93,999.92,0.0,0.0,547.29,0,24,200.0
PCBench/eBUS-Adapter_Henning/unrouted.dsn,999.99,1000.0,999.81,999.78,0.0,0.0,462.96,0,33,134.0
PCBench/HES-V2_hes/unrouted.dsn,999.99,1000.0,999.91,999.91,0.0,0.0,502.02,0,17,140.0
PCBench/SparkSwitch_SparkProtectionSwitch/unrouted.dsn,986.3,958.33,999.94,999.94,1.0,0.0,164.64,0,11,62.0
PCBench/ESP-Breakout_ESP-Breakout/unrouted.dsn,999.99,1000.0,999.49,999.34,0.0,0.0,286.77,13,43,152.0
PCBench/fuzzer_fuzzer/unrouted.dsn,999.99,1000.0,999.5,999.35,0.0,0.0,506.69,0,48,214.0
PCBench/KiCad-LTC6802-2_main/unrouted.dsn,999.99,1000.0,999.87,999.87,0.0,0.0,489.48,0,27,158.0
PCBench/rotorcontrol_nanomount/unrouted.dsn,999.98,1000.0,999.49,999.48,0.0,0.0,389.13,0,17,112.0
PCBench/esp8266-external-temp-sensor_external-temp-sensor/unrouted.dsn,999.99,1000.0,999.85,999.78,0.0,0.0,280.61,0,25,114.0
PCBench/Practicas-Curso-Kicad_Salguero_Federico2/unrouted.dsn,999.99,1000.0,999.61,999.61,0.0,0.0,492.96,0,32,188.0
PCBench/board_armjtag_pmod_compatible_armjtag-pmod/unrouted.dsn,988.09,965.52,999.77,999.77,1.0,0.0,287.02,0,14,82.0
PCBench/C-BISCUIT_crowbar/unrouted.dsn,999.99,1000.0,999.6,999.72,0.0,0.0,109.37,1,15,48.0
PCBench/sms-cart-32k_cart/unrouted.dsn,967.46,928.57,999.65,999.65,4.0,0.0,1016.43,0,32,168.0
PCBench/z2amiller_sensorboard_programmer/unrouted.dsn,999.99,1000.0,999.71,999.71,0.0,0.0,161.97,0,10,56.0
PCBench/kitspace_temp_breakout/unrouted.dsn,999.99,1000.0,999.5,999.65,0.0,0.0,232.62,0,4,48.0
PCBench/Teensy-Hats_Teensy-LCD-LiDAR-Hat/unrouted.dsn,999.99,1000.0,999.72,999.66,0.0,0.0,778.25,0,41,194.0
PCBench/breakout-boards_50-to-100/unrouted.dsn,999.98,1000.0,999.55,999.55,0.0,0.0,116.04,0,10,40.0
PCBench/Inkjet_InkjetBreakout/unrouted.dsn,999.99,1000.0,999.48,999.43,0.0,0.0,250.88,0,13,54.0
PCBench/gpsclock_clock/unrouted.dsn,937.48,875.0,999.66,999.66,6.0,0.0,1427.5,0,34,152.0
PCBench/kitspace_push-on-hold-off/unrouted.dsn,992.59,973.68,999.53,999.53,1.0,0.0,172.55,2,32,94.0
PCBench/RPi-ATtiny85-Programmer_rpi_attiny85_programmer/unrouted.dsn,999.99,1000.0,999.31,999.62,0.0,0.0,230.86,0,13,52.0
PCBench/sb-serial-usb_ch340/unrouted.dsn,989.12,966.1,999.53,999.53,2.0,0.0,445.81,0,49,156.0
PCBench/m2-electronics_m2pogo/unrouted.dsn,999.99,1000.0,999.94,999.94,0.0,0.0,57.51,0,4,16.0
PCBench/4N35-TTL-Serial-Optoisolator_4N35-TTL-Serial-Optoisolator/unrouted.dsn,999.99,1000.0,999.83,999.86,0.0,0.0,231.14,0,18,76.0
PCBench/sensorboard_DiffIR/unrouted.dsn,999.99,1000.0,999.62,999.53,0.0,0.0,246.59,0,30,90.0
PCBench/PowerGloveUHID_sensor_board/unrouted.dsn,999.99,1000.0,999.63,999.63,0.0,0.0,353.77,0,10,84.0
PCBench/TTNEnschedeMote_ArduinoNanoRN2483/unrouted.dsn,999.99,1000.0,999.86,999.86,0.0,0.0,454.66,0,12,218.0
PCBench/breakout-boards_esp8266-jtag/unrouted.dsn,999.99,1000.0,999.62,999.64,0.0,0.0,376.75,0,41,144.0
PCBench/rufs_simple_kicad_schema_and_pcb_v1/unrouted.dsn,999.99,1000.0,999.83,999.83,0.0,0.0,50.8,0,1,12.0
PCBench/teensy-touch_teensy-touch/unrouted.dsn,999.97,1000.0,999.56,999.56,0.0,0.0,582.55,0,18,104.0
PCBench/BML-Badges_BML-Badges/unrouted.dsn,999.99,1000.0,999.9,999.92,0.0,0.0,495.46,0,20,86.0
PCBench/oled-bmp280-touch_oled-bmp280-touch/unrouted.dsn,999.98,1000.0,999.6,999.62,0.0,0.0,574.29,0,19,106.0
PCBench/Photodiode_dethead/unrouted.dsn,999.99,1000.0,999.9,999.93,0.0,0.0,242.45,0,31,108.0
PCBench/BGM111-External-Programmer_BGM111_Programmer/unrouted.dsn,999.99,1000.0,999.68,999.8,0.0,0.0,132.57,0,6,96.0
PCBench/kitspace_tt_nano_HAT_b1/unrouted.dsn,999.99,1000.0,999.7,999.67,0.0,0.0,520.09,0,28,168.0
PCBench/I2CTempsensor_sensors/unrouted.dsn,999.99,1000.0,999.88,999.85,0.0,0.0,144.1,0,15,48.0
PCBench/SmartLaserCO2-PCB_OptAdjust/unrouted.dsn,999.99,1000.0,999.96,999.96,0.0,0.0,97.8,0,5,28.0
PCBench/crossover-schiit-stack_xover4schiit/unrouted.dsn,999.98,1000.0,999.48,999.48,0.0,0.0,168.4,0,0,24.0
PCBench/rufs_dra818v_breakout_board/unrouted.dsn,999.99,1000.0,999.57,999.67,0.0,0.0,300.47,0,14,70.0
PCBench/ottawa-badges-2016_ottawa-badge-tagger-2016/unrouted.dsn,999.99,1000.0,999.39,999.29,0.0,0.0,291.17,0,24,82.0
PCBench/blink-errr_blink-errr/unrouted.dsn,999.99,1000.0,999.82,999.75,0.0,0.0,158.05,1,13,48.0
PCBench/esp8266_envmonitor_environment-monitor-1.2/unrouted.dsn,999.99,1000.0,999.87,999.54,0.0,0.0,365.88,0,23,118.0
PCBench/kitspace_esp8266-12-breakout/unrouted.dsn,999.99,1000.0,999.6,999.49,0.0,0.0,583.35,0,39,124.0
PCBench/kitspace_tt_opt101_module_b1/unrouted.dsn,999.99,1000.0,999.91,999.91,0.0,0.0,63.66,0,5,32.0
PCBench/BML-Badges_BML_01/unrouted.dsn,999.99,1000.0,999.83,999.81,0.0,0.0,358.9,0,18,86.0
PCBench/CubeSAT-Reaction-Wheel__autosave-GPIO to motor/unrouted.dsn,999.98,1000.0,999.45,999.41,0.0,0.0,702.31,0,21,116.0
PCBench/ADC-DAC-16bit_ADC-DAC-16bit/unrouted.dsn,999.99,1000.0,999.67,999.63,0.0,0.0,207.84,1,32,94.0
PCBench/kicad-projects_ili9341-breakout/unrouted.dsn,999.99,1000.0,999.7,999.68,0.0,0.0,311.94,0,18,76.0
PCBench/PsuFanController_FanController/unrouted.dsn,999.99,1000.0,999.86,999.89,0.0,0.0,172.72,0,11,64.0
PCBench/beryl_rain_beryl_rain/unrouted.dsn,993.09,980.77,999.61,999.61,1.0,0.0,461.47,0,33,130.0
PCBench/NightClock_ESPBoard/unrouted.dsn,999.99,1000.0,999.55,999.64,0.0,0.0,546.98,0,38,180.0
PCBench/fingerprint-with-esp32_quet van tay/unrouted.dsn,999.98,1000.0,999.81,999.85,0.0,0.0,532.64,0,15,122.0
PCBench/Cherry-Mx-Bitboard_Cherry Mx Bitboard/unrouted.dsn,999.99,1000.0,999.86,999.93,0.0,0.0,76.2,0,5,28.0
PCBench/Blink-Eras_AVR_ISP_Pogo/unrouted.dsn,999.98,1000.0,999.19,999.23,0.0,0.0,91.44,0,0,24.0
PCBench/LoLin_Designs_LoLin/unrouted.dsn,999.99,1000.0,999.97,999.95,0.0,0.0,254.19,0,13,88.0
PCBench/Eggbot-Spherebot-polargraph-Controller_eggbot-spherebot-polargraph-controller/unrouted.dsn,999.98,1000.0,999.43,999.44,0.0,0.0,1353.64,0,40,192.0
PCBench/kitspace_gas_sensor/unrouted.dsn,999.99,1000.0,999.82,999.83,0.0,0.0,261.73,0,19,66.0
PCBench/kelvindmmwifi_kelvindmmwifi/unrouted.dsn,999.94,998.72,999.81,999.68,0.0,6.0,304.25,0,33,118.0
PCBench/z2amiller_sensorboard/unrouted.dsn,999.99,1000.0,999.72,999.63,0.0,0.0,364.04,0,49,156.0
PCBench/cap-soil-moisture-v2_soil-moisture2x4/unrouted.dsn,999.99,1000.0,999.94,999.94,0.0,0.0,341.74,0,22,128.0
PCBench/mearm-base-pcb_ServoPCB/unrouted.dsn,999.98,1000.0,999.55,999.4,0.0,0.0,434.47,0,14,40.0
PCBench/usb2serial-CH340G_USB2TTL-CH340G/unrouted.dsn,993.58,979.59,999.73,999.73,1.0,0.0,229.29,0,37,132.0
PCBench/DaWeather---Project__autosave-CarteDaWeather/unrouted.dsn,999.99,1000.0,999.9,999.88,0.0,0.0,651.51,0,27,146.0
PCBench/Practicas-Curso-Kicad_Ejercicio_2/unrouted.dsn,999.99,1000.0,999.72,999.59,0.0,0.0,503.52,1,30,188.0
PCBench/kitspace_Arduino_uno_sheild/unrouted.dsn,999.98,1000.0,999.71,999.68,0.0,0.0,1100.86,0,33,172.0
PCBench/hm-mod-rpi-rtc_hm-mod-rpi-rtc/unrouted.dsn,999.99,1000.0,999.51,999.48,0.0,0.0,316.67,1,32,134.0
PCBench/ESP32-Module-Breakout_ESP32S-breakout/unrouted.dsn,937.09,782.61,999.68,999.68,10.0,0.0,765.21,0,44,170.0
PCBench/AnalogThermometer_AnalogThermometer/unrouted.dsn,999.99,1000.0,999.73,999.73,0.0,0.0,183.19,0,29,100.0
PCBench/scimpy_powersupply/unrouted.dsn,999.99,1000.0,999.82,999.89,0.0,0.0,265.5,0,15,44.0
PCBench/LaundryMeasure_ac-ac/unrouted.dsn,999.99,1000.0,1000.0,1000.0,0.0,0.0,53.82,0,5,32.0
PCBench/ponyser-pcb_Ponyser/unrouted.dsn,999.99,1000.0,999.92,999.92,0.0,0.0,105.43,0,18,78.0
PCBench/ID-FIX_scanConnect/unrouted.dsn,999.99,1000.0,999.96,999.96,0.0,0.0,55.12,0,6,48.0
PCBench/esp-leipa_esp-12/unrouted.dsn,999.99,1000.0,999.3,999.6,0.0,0.0,395.31,0,22,100.0
PCBench/apa102lantern_apa102-lantern-side/unrouted.dsn,999.99,1000.0,999.64,999.58,0.0,0.0,530.17,0,12,124.0
PCBench/Thremal-Printer_thermal printer/unrouted.dsn,990.37,972.97,999.68,999.68,2.0,0.0,1161.74,0,55,234.0
PCBench/Biscay_Blueeye_mcu/unrouted.dsn,999.99,1000.0,999.23,999.21,0.0,0.0,1133.67,0,40,200.0
PCBench/hardware-designs_nixie-power/unrouted.dsn,999.99,1000.0,999.81,999.83,0.0,0.0,465.9,0,37,100.0
PCBench/CubeSAT-Reaction-Wheel_Edison_Motor_Servo/unrouted.dsn,999.99,1000.0,999.86,999.86,0.0,0.0,137.16,0,5,64.0
PCBench/photon_Sprinkler_sprinkler/unrouted.dsn,999.99,1000.0,999.86,999.85,0.0,0.0,796.01,0,33,136.0
PCBench/Omega2-mini-dock_Omega2 mini-dock/unrouted.dsn,999.99,1000.0,999.89,999.89,0.0,0.0,619.17,0,62,222.0
PCBench/Solare-BQ24210_Solare-BQ24210/unrouted.dsn,987.01,964.29,999.82,999.82,1.0,0.0,116.07,0,18,80.0
PCBench/Practicas-Curso-Kicad_Ej2/unrouted.dsn,999.99,1000.0,999.59,999.73,0.0,0.0,552.51,1,34,188.0
PCBench/Practicas-Curso-Kicad_PRY_EJ1/unrouted.dsn,999.99,1000.0,1000.0,1000.0,0.0,0.0,55.8,0,4,26.0
PCBench/Practicas-Curso-Kicad_Ejercicio2/unrouted.dsn,999.99,1000.0,999.56,999.54,0.0,0.0,635.03,0,34,188.0
PCBench/sensorboard_DiffIR.kicad_pcb_narrow/unrouted.dsn,999.99,1000.0,999.51,999.66,0.0,0.0,266.24,0,27,90.0
PCBench/Hardware-done-with-kicad_AVRlearn/unrouted.dsn,999.99,1000.0,999.82,999.75,0.0,0.0,427.58,0,20,114.0
PCBench/Phased-Array-Microphone-using-FPGA_SateliteMicrophone/unrouted.dsn,999.99,1000.0,999.64,999.52,0.0,0.0,211.77,0,30,88.0
PCBench/hardware-designs_energy-harvester/unrouted.dsn,999.91,998.11,999.6,999.62,0.0,8.0,252.86,0,26,106.0
PCBench/starsynctrackers_reset_switch/unrouted.dsn,999.99,1000.0,999.88,999.83,0.0,0.0,77.16,0,12,38.0
PCBench/hardware-designs_c-trigger/unrouted.dsn,999.99,1000.0,1000.0,1000.0,0.0,0.0,93.61,0,7,42.0
PCBench/kicad_bbb-melzi/unrouted.dsn,999.99,1000.0,999.74,999.8,0.0,0.0,416.95,0,17,104.0
PCBench/Raspberry-Pi-Soft-Power-Controller_Switching Supply TPS563208 MCI/unrouted.dsn,999.99,1000.0,999.78,999.66,0.0,0.0,157.7,0,16,48.0
PCBench/kika-in-space_DS8500/unrouted.dsn,999.99,1000.0,999.72,999.82,0.0,0.0,211.8,0,31,118.0
PCBench/SMDBreakouts_smd_breakout/unrouted.dsn,1000.0,1000.0,999.57,999.58,0.0,0.0,217.55,0,54,160.0
PCBench/PCB_constant_current_ac_hv/unrouted.dsn,999.99,1000.0,1000.0,1000.0,0.0,0.0,140.73,0,6,28.0
PCBench/kitspace_filaSens/unrouted.dsn,999.99,1000.0,999.31,999.4,0.0,0.0,389.87,0,29,102.0
PCBench/kitspace_Potentiometer_mount_8LED/unrouted.dsn,999.97,1000.0,999.95,999.88,0.0,0.0,394.56,0,8,80.0
PCBench/freeUSBi_USBi_Programmer/unrouted.dsn,999.98,1000.0,999.44,999.39,0.0,0.0,571.1,0,37,176.0
PCBench/MAVRIC_Hardware_SoilBoard/unrouted.dsn,999.99,1000.0,999.39,999.49,0.0,0.0,357.37,0,31,116.0
PCBench/hackaday_esp-14_power_meter__autosave-esp-14/unrouted.dsn,999.99,1000.0,999.95,999.95,0.0,0.0,181.58,0,22,88.0
PCBench/SmartLaserCO2-PCB_WaterCool/unrouted.dsn,999.99,1000.0,999.92,999.49,0.0,0.0,103.4,0,4,24.0
PCBench/kitspace_Potentiometer_mount_4LED/unrouted.dsn,999.98,1000.0,999.83,999.77,0.0,0.0,234.76,0,8,40.0
PCBench/spisolator_spisolator/unrouted.dsn,990.98,968.75,999.19,999.19,1.0,0.0,210.12,0,22,88.0
PCBench/SMDBreakouts_smd_breakout_quad/unrouted.dsn,1000.0,1000.0,999.57,999.58,0.0,0.0,217.55,0,54,160.0
PCBench/keyboard_converter_adapter_ibm4704_converter_adapter_ibm4704/unrouted.dsn,999.99,1000.0,999.81,999.76,0.0,0.0,196.04,0,16,72.0
PCBench/hardware-designs_cc430-debug-board/unrouted.dsn,999.91,998.66,999.18,999.08,0.0,11.0,970.42,0,46,206.0
PCBench/DA_Lamp_attiny44a_servo_i2c/unrouted.dsn,987.64,950.0,999.57,999.57,1.0,0.0,164.16,0,15,72.0
PCBench/esp8266_wi07_3_adapter_esp/unrouted.dsn,981.13,933.33,999.87,999.87,1.0,0.0,114.64,0,14,52.0
PCBench/esp8266-12f-board_esp8266/unrouted.dsn,999.99,1000.0,999.92,999.87,0.0,0.0,293.86,0,40,142.0
PCBench/MSGEQ7-Breakout-Board_MSGEQ7_Breakout_Board/unrouted.dsn,999.99,1000.0,999.81,999.81,0.0,0.0,211.89,0,18,70.0
PCBench/RASPMINI_RASPmini/unrouted.dsn,994.61,981.82,999.3,999.3,1.0,0.0,1216.91,0,33,184.0
PCBench/HES-V2__autosave-hes/unrouted.dsn,999.99,1000.0,999.91,999.91,0.0,0.0,502.02,0,17,140.0
PCBench/dustbox_Dustbox/unrouted.dsn,999.99,1000.0,999.81,999.69,0.0,0.0,284.68,0,10,54.0
PCBench/nodemcu-backstage_NodeMCU Backstage/unrouted.dsn,999.99,1000.0,999.94,999.92,0.0,0.0,382.74,0,15,158.0
PCBench/pi_plant_MCP3002/unrouted.dsn,999.99,1000.0,999.79,999.74,0.0,0.0,234.96,0,13,76.0
PCBench/kicad-projects_BatCharge/unrouted.dsn,999.99,1000.0,999.48,999.6,0.0,0.0,119.04,0,16,66.0
PCBench/LimitSwitchesPlugin_LimitSwitchesPlugin/unrouted.dsn,978.7,972.97,999.57,999.57,1.0,0.0,616.71,0,13,104.0
PCBench/ESP-12-breakout_ESP12E-breakout/unrouted.dsn,978.87,928.57,999.91,999.91,3.0,0.0,320.77,0,40,132.0
PCBench/espeverywhere__autosave-espeverywhere_breakout/unrouted.dsn,999.99,1000.0,999.81,999.81,0.0,0.0,151.94,0,8,36.0
PCBench/RoBoC_CameraAdaptor/unrouted.dsn,990.18,966.67,999.19,999.19,1.0,0.0,772.39,0,25,104.0
PCBench/IGN01A_IGN01A/unrouted.dsn,999.99,1000.0,999.77,999.77,0.0,0.0,657.41,0,47,202.0
PCBench/hardware-designs_m-trigger/unrouted.dsn,999.99,1000.0,1000.0,999.96,0.0,0.0,114.3,0,7,46.0
PCBench/esp12-breakout_ESP12Breakout/unrouted.dsn,988.5,961.54,999.94,999.94,1.0,0.0,211.37,0,23,96.0
PCBench/temp_logger_esp8266_temp_logger/unrouted.dsn,999.99,1000.0,999.84,999.78,0.0,0.0,306.2,0,22,92.0
PCBench/kitspace_grove_adaptor/unrouted.dsn,1000.0,1000.0,1000.0,1000.0,0.0,0.0,18.0,0,3,16.0
PCBench/navelino-leaf_navelino-leaf/unrouted.dsn,980.38,931.03,999.66,999.66,2.0,0.0,313.16,0,28,80.0
PCBench/kitspace_ir_sensor/unrouted.dsn,999.98,1000.0,999.88,999.88,0.0,0.0,246.02,0,6,24.0
PCBench/POV_POV/unrouted.dsn,999.99,1000.0,999.7,999.64,0.0,0.0,345.91,0,16,70.0
PCBench/SmartLaserCO2-PCB_LaserPointer/unrouted.dsn,999.99,1000.0,1000.0,1000.0,0.0,0.0,54.96,0,2,14.0
PCBench/eBUS-Adapter_Groeger/unrouted.dsn,999.99,1000.0,999.78,999.8,0.0,0.0,282.45,0,22,86.0
PCBench/sv650sds_sds_tool/unrouted.dsn,989.99,974.36,999.8,999.8,1.0,0.0,314.19,0,26,158.0
PCBench/kicad-workshop_fancyboard/unrouted.dsn,999.99,1000.0,999.77,999.72,0.0,0.0,501.94,0,44,202.0
PCBench/kitspace_12V5A_breakout/unrouted.dsn,999.99,1000.0,999.84,999.78,0.0,0.0,222.96,0,5,50.0
PCBench/filament_extruder_sensor/unrouted.dsn,999.99,1000.0,999.37,999.65,0.0,0.0,352.42,0,14,72.0
PCBench/hardware-designs_spsgrf-board/unrouted.dsn,999.98,1000.0,999.74,999.68,0.0,0.0,190.52,0,10,66.0
PCBench/KosselHotendBoard_KosselHotendPCB/unrouted.dsn,999.98,1000.0,999.43,999.41,0.0,0.0,239.29,0,12,54.0
PCBench/RPi-PWM-Fan-interface_RPi PWM Fan interface/unrouted.dsn,999.99,1000.0,999.81,999.74,0.0,0.0,62.33,0,9,44.0
PCBench/ESP_WiFiSwitch_WifiSwitch/unrouted.dsn,985.5,958.33,999.8,999.8,1.0,0.0,348.49,0,21,82.0
PCBench/PixyWirelessShield_Shield PIXY/unrouted.dsn,999.97,1000.0,999.79,999.79,0.0,0.0,161.39,0,5,52.0
PCBench/kicad-guitar-preamp_Preamp-Instructables/unrouted.dsn,999.99,1000.0,999.91,999.93,0.0,0.0,157.84,0,7,46.0
PCBench/CAL430FR_CAL430F_watch/unrouted.dsn,999.99,1000.0,999.82,999.74,0.0,0.0,384.5,0,22,84.0
