{
  "$schema": "https://go.kicad.org/pcm/schemas/v1",
  "name": "Freerouting",
  "description": "Freerouting KiCad integration",
  "description_full": "This is the official KiCad integration for Freerouting, an advanced autorouter.\nIt needs Java JRE 17 or newer to run. You can download it from https://adoptium.net/temurin/releases/.\n",
  "identifier": "app.freerouting.kicad-plugin",
  "type": "plugin",
  "author": {
    "name": "Andras Fuchs",
    "contact": {
      "email": "info@freerouting.app",
      "web": "https://www.freerouting.app/"
    }
  },
  "maintainer": {
    "name": "Andras Fuchs",
    "contact": {
      "email": "info@freerouting.app"
    }
  },
  "license": "GPL-3.0",
  "resources": {
    "Github": "https://github.com/freerouting/freerouting/tree/master/integrations/KiCad"
  },
  "versions": [    
	{
      "version": "1.6.5",
      "status": "stable",
      "kicad_version": "6.0",
	  "download_sha256": "9b97b5d290ee50513525df8d42811781b6fcc2e86d8dabdb2c9488a71d8c3d86",
      "download_size": 4301708,
      "download_url": "https://github.com/freerouting/freerouting/raw/master/integrations/KiCad/kicad-freerouting-1.6.5.zip",
      "install_size": 4794503
    }
  ]
}